-- MySQL dump 10.13  Distrib 8.0.17, for Win64 (x86_64)
--
-- Host: localhost    Database: huamingyuan
-- ------------------------------------------------------
-- Server version	8.0.17

/*!40101 SET @OLD_CHARACTER_SET_CLIENT=@@CHARACTER_SET_CLIENT */;
/*!40101 SET @OLD_CHARACTER_SET_RESULTS=@@CHARACTER_SET_RESULTS */;
/*!40101 SET @OLD_COLLATION_CONNECTION=@@COLLATION_CONNECTION */;
/*!50503 SET NAMES utf8mb4 */;
/*!40103 SET @OLD_TIME_ZONE=@@TIME_ZONE */;
/*!40103 SET TIME_ZONE='+00:00' */;
/*!40014 SET @OLD_UNIQUE_CHECKS=@@UNIQUE_CHECKS, UNIQUE_CHECKS=0 */;
/*!40014 SET @OLD_FOREIGN_KEY_CHECKS=@@FOREIGN_KEY_CHECKS, FOREIGN_KEY_CHECKS=0 */;
/*!40101 SET @OLD_SQL_MODE=@@SQL_MODE, SQL_MODE='NO_AUTO_VALUE_ON_ZERO' */;
/*!40111 SET @OLD_SQL_NOTES=@@SQL_NOTES, SQL_NOTES=0 */;

--
-- Table structure for table `auth_group`
--

DROP TABLE IF EXISTS `auth_group`;
/*!40101 SET @saved_cs_client     = @@character_set_client */;
/*!50503 SET character_set_client = utf8mb4 */;
CREATE TABLE `auth_group` (
  `id` int(11) NOT NULL AUTO_INCREMENT,
  `name` varchar(80) COLLATE utf8mb4_unicode_ci NOT NULL,
  PRIMARY KEY (`id`),
  UNIQUE KEY `name` (`name`)
) ENGINE=InnoDB DEFAULT CHARSET=utf8mb4 COLLATE=utf8mb4_unicode_ci;
/*!40101 SET character_set_client = @saved_cs_client */;

--
-- Dumping data for table `auth_group`
--

LOCK TABLES `auth_group` WRITE;
/*!40000 ALTER TABLE `auth_group` DISABLE KEYS */;
/*!40000 ALTER TABLE `auth_group` ENABLE KEYS */;
UNLOCK TABLES;

--
-- Table structure for table `auth_group_permissions`
--

DROP TABLE IF EXISTS `auth_group_permissions`;
/*!40101 SET @saved_cs_client     = @@character_set_client */;
/*!50503 SET character_set_client = utf8mb4 */;
CREATE TABLE `auth_group_permissions` (
  `id` int(11) NOT NULL AUTO_INCREMENT,
  `group_id` int(11) NOT NULL,
  `permission_id` int(11) NOT NULL,
  PRIMARY KEY (`id`),
  UNIQUE KEY `auth_group_permissions_group_id_permission_id_0cd325b0_uniq` (`group_id`,`permission_id`),
  KEY `auth_group_permissio_permission_id_84c5c92e_fk_auth_perm` (`permission_id`),
  CONSTRAINT `auth_group_permissio_permission_id_84c5c92e_fk_auth_perm` FOREIGN KEY (`permission_id`) REFERENCES `auth_permission` (`id`),
  CONSTRAINT `auth_group_permissions_group_id_b120cbf9_fk_auth_group_id` FOREIGN KEY (`group_id`) REFERENCES `auth_group` (`id`)
) ENGINE=InnoDB DEFAULT CHARSET=utf8mb4 COLLATE=utf8mb4_unicode_ci;
/*!40101 SET character_set_client = @saved_cs_client */;

--
-- Dumping data for table `auth_group_permissions`
--

LOCK TABLES `auth_group_permissions` WRITE;
/*!40000 ALTER TABLE `auth_group_permissions` DISABLE KEYS */;
/*!40000 ALTER TABLE `auth_group_permissions` ENABLE KEYS */;
UNLOCK TABLES;

--
-- Table structure for table `auth_permission`
--

DROP TABLE IF EXISTS `auth_permission`;
/*!40101 SET @saved_cs_client     = @@character_set_client */;
/*!50503 SET character_set_client = utf8mb4 */;
CREATE TABLE `auth_permission` (
  `id` int(11) NOT NULL AUTO_INCREMENT,
  `name` varchar(255) COLLATE utf8mb4_unicode_ci NOT NULL,
  `content_type_id` int(11) NOT NULL,
  `codename` varchar(100) COLLATE utf8mb4_unicode_ci NOT NULL,
  PRIMARY KEY (`id`),
  UNIQUE KEY `auth_permission_content_type_id_codename_01ab375a_uniq` (`content_type_id`,`codename`),
  CONSTRAINT `auth_permission_content_type_id_2f476e4b_fk_django_co` FOREIGN KEY (`content_type_id`) REFERENCES `django_content_type` (`id`)
) ENGINE=InnoDB AUTO_INCREMENT=46 DEFAULT CHARSET=utf8mb4 COLLATE=utf8mb4_unicode_ci;
/*!40101 SET character_set_client = @saved_cs_client */;

--
-- Dumping data for table `auth_permission`
--

LOCK TABLES `auth_permission` WRITE;
/*!40000 ALTER TABLE `auth_permission` DISABLE KEYS */;
INSERT INTO `auth_permission` VALUES (1,'Can add log entry',1,'add_logentry'),(2,'Can change log entry',1,'change_logentry'),(3,'Can delete log entry',1,'delete_logentry'),(4,'Can add permission',2,'add_permission'),(5,'Can change permission',2,'change_permission'),(6,'Can delete permission',2,'delete_permission'),(7,'Can add group',3,'add_group'),(8,'Can change group',3,'change_group'),(9,'Can delete group',3,'delete_group'),(10,'Can add user',4,'add_user'),(11,'Can change user',4,'change_user'),(12,'Can delete user',4,'delete_user'),(13,'Can add content type',5,'add_contenttype'),(14,'Can change content type',5,'change_contenttype'),(15,'Can delete content type',5,'delete_contenttype'),(16,'Can add session',6,'add_session'),(17,'Can change session',6,'change_session'),(18,'Can delete session',6,'delete_session'),(19,'Can add 头条新闻',7,'add_headlinenews'),(20,'Can change 头条新闻',7,'change_headlinenews'),(21,'Can delete 头条新闻',7,'delete_headlinenews'),(22,'Can add 新闻中心',8,'add_news'),(23,'Can change 新闻中心',8,'change_news'),(24,'Can delete 新闻中心',8,'delete_news'),(25,'Can add 招聘中心',9,'add_recruit'),(26,'Can change 招聘中心',9,'change_recruit'),(27,'Can delete 招聘中心',9,'delete_recruit'),(28,'Can add 制度与规则',10,'add_ruletype'),(29,'Can change 制度与规则',10,'change_ruletype'),(30,'Can delete 制度与规则',10,'delete_ruletype'),(31,'Can add 规则条例',11,'add_rule'),(32,'Can change 规则条例',11,'change_rule'),(33,'Can delete 规则条例',11,'delete_rule'),(34,'Can add 关于我们',12,'add_abouttype'),(35,'Can change 关于我们',12,'change_abouttype'),(36,'Can delete 关于我们',12,'delete_abouttype'),(37,'Can add 公司简介',13,'add_about'),(38,'Can change 公司简介',13,'change_about'),(39,'Can delete 公司简介',13,'delete_about'),(40,'Can add 黄金新闻',14,'add_golds'),(41,'Can change 黄金新闻',14,'change_golds'),(42,'Can delete 黄金新闻',14,'delete_golds'),(43,'Can add 黄金学堂',15,'add_goldtype'),(44,'Can change 黄金学堂',15,'change_goldtype'),(45,'Can delete 黄金学堂',15,'delete_goldtype');
/*!40000 ALTER TABLE `auth_permission` ENABLE KEYS */;
UNLOCK TABLES;

--
-- Table structure for table `auth_user`
--

DROP TABLE IF EXISTS `auth_user`;
/*!40101 SET @saved_cs_client     = @@character_set_client */;
/*!50503 SET character_set_client = utf8mb4 */;
CREATE TABLE `auth_user` (
  `id` int(11) NOT NULL AUTO_INCREMENT,
  `password` varchar(128) COLLATE utf8mb4_unicode_ci NOT NULL,
  `last_login` datetime(6) DEFAULT NULL,
  `is_superuser` tinyint(1) NOT NULL,
  `username` varchar(150) COLLATE utf8mb4_unicode_ci NOT NULL,
  `first_name` varchar(30) COLLATE utf8mb4_unicode_ci NOT NULL,
  `last_name` varchar(150) COLLATE utf8mb4_unicode_ci NOT NULL,
  `email` varchar(254) COLLATE utf8mb4_unicode_ci NOT NULL,
  `is_staff` tinyint(1) NOT NULL,
  `is_active` tinyint(1) NOT NULL,
  `date_joined` datetime(6) NOT NULL,
  PRIMARY KEY (`id`),
  UNIQUE KEY `username` (`username`)
) ENGINE=InnoDB AUTO_INCREMENT=2 DEFAULT CHARSET=utf8mb4 COLLATE=utf8mb4_unicode_ci;
/*!40101 SET character_set_client = @saved_cs_client */;

--
-- Dumping data for table `auth_user`
--

LOCK TABLES `auth_user` WRITE;
/*!40000 ALTER TABLE `auth_user` DISABLE KEYS */;
INSERT INTO `auth_user` VALUES (1,'pbkdf2_sha256$100000$kSZsHaLkC1yI$4nSFQt37wLdo8dJGh0se93tIfCFpr0kLwa8bw66Oqqo=','2019-10-26 11:18:29.527200',1,'mysite2','','','827937539@qq.com',1,1,'2019-10-09 21:59:10.857000');
/*!40000 ALTER TABLE `auth_user` ENABLE KEYS */;
UNLOCK TABLES;

--
-- Table structure for table `auth_user_groups`
--

DROP TABLE IF EXISTS `auth_user_groups`;
/*!40101 SET @saved_cs_client     = @@character_set_client */;
/*!50503 SET character_set_client = utf8mb4 */;
CREATE TABLE `auth_user_groups` (
  `id` int(11) NOT NULL AUTO_INCREMENT,
  `user_id` int(11) NOT NULL,
  `group_id` int(11) NOT NULL,
  PRIMARY KEY (`id`),
  UNIQUE KEY `auth_user_groups_user_id_group_id_94350c0c_uniq` (`user_id`,`group_id`),
  KEY `auth_user_groups_group_id_97559544_fk_auth_group_id` (`group_id`),
  CONSTRAINT `auth_user_groups_group_id_97559544_fk_auth_group_id` FOREIGN KEY (`group_id`) REFERENCES `auth_group` (`id`),
  CONSTRAINT `auth_user_groups_user_id_6a12ed8b_fk_auth_user_id` FOREIGN KEY (`user_id`) REFERENCES `auth_user` (`id`)
) ENGINE=InnoDB DEFAULT CHARSET=utf8mb4 COLLATE=utf8mb4_unicode_ci;
/*!40101 SET character_set_client = @saved_cs_client */;

--
-- Dumping data for table `auth_user_groups`
--

LOCK TABLES `auth_user_groups` WRITE;
/*!40000 ALTER TABLE `auth_user_groups` DISABLE KEYS */;
/*!40000 ALTER TABLE `auth_user_groups` ENABLE KEYS */;
UNLOCK TABLES;

--
-- Table structure for table `auth_user_user_permissions`
--

DROP TABLE IF EXISTS `auth_user_user_permissions`;
/*!40101 SET @saved_cs_client     = @@character_set_client */;
/*!50503 SET character_set_client = utf8mb4 */;
CREATE TABLE `auth_user_user_permissions` (
  `id` int(11) NOT NULL AUTO_INCREMENT,
  `user_id` int(11) NOT NULL,
  `permission_id` int(11) NOT NULL,
  PRIMARY KEY (`id`),
  UNIQUE KEY `auth_user_user_permissions_user_id_permission_id_14a6b632_uniq` (`user_id`,`permission_id`),
  KEY `auth_user_user_permi_permission_id_1fbb5f2c_fk_auth_perm` (`permission_id`),
  CONSTRAINT `auth_user_user_permi_permission_id_1fbb5f2c_fk_auth_perm` FOREIGN KEY (`permission_id`) REFERENCES `auth_permission` (`id`),
  CONSTRAINT `auth_user_user_permissions_user_id_a95ead1b_fk_auth_user_id` FOREIGN KEY (`user_id`) REFERENCES `auth_user` (`id`)
) ENGINE=InnoDB DEFAULT CHARSET=utf8mb4 COLLATE=utf8mb4_unicode_ci;
/*!40101 SET character_set_client = @saved_cs_client */;

--
-- Dumping data for table `auth_user_user_permissions`
--

LOCK TABLES `auth_user_user_permissions` WRITE;
/*!40000 ALTER TABLE `auth_user_user_permissions` DISABLE KEYS */;
/*!40000 ALTER TABLE `auth_user_user_permissions` ENABLE KEYS */;
UNLOCK TABLES;

--
-- Table structure for table `django_admin_log`
--

DROP TABLE IF EXISTS `django_admin_log`;
/*!40101 SET @saved_cs_client     = @@character_set_client */;
/*!50503 SET character_set_client = utf8mb4 */;
CREATE TABLE `django_admin_log` (
  `id` int(11) NOT NULL AUTO_INCREMENT,
  `action_time` datetime(6) NOT NULL,
  `object_id` longtext COLLATE utf8mb4_unicode_ci,
  `object_repr` varchar(200) COLLATE utf8mb4_unicode_ci NOT NULL,
  `action_flag` smallint(5) unsigned NOT NULL,
  `change_message` longtext COLLATE utf8mb4_unicode_ci NOT NULL,
  `content_type_id` int(11) DEFAULT NULL,
  `user_id` int(11) NOT NULL,
  PRIMARY KEY (`id`),
  KEY `django_admin_log_content_type_id_c4bce8eb_fk_django_co` (`content_type_id`),
  KEY `django_admin_log_user_id_c564eba6_fk` (`user_id`),
  CONSTRAINT `django_admin_log_content_type_id_c4bce8eb_fk_django_co` FOREIGN KEY (`content_type_id`) REFERENCES `django_content_type` (`id`),
  CONSTRAINT `django_admin_log_user_id_c564eba6_fk` FOREIGN KEY (`user_id`) REFERENCES `auth_user` (`id`)
) ENGINE=InnoDB AUTO_INCREMENT=89 DEFAULT CHARSET=utf8mb4 COLLATE=utf8mb4_unicode_ci;
/*!40101 SET character_set_client = @saved_cs_client */;

--
-- Dumping data for table `django_admin_log`
--

LOCK TABLES `django_admin_log` WRITE;
/*!40000 ALTER TABLE `django_admin_log` DISABLE KEYS */;
INSERT INTO `django_admin_log` VALUES (1,'2019-10-09 22:04:54.700000','1','<News: “海贝思”仍维持超强台风级 12日后转向并趋向日本>',1,'[{\"added\": {}}]',8,1),(2,'2019-10-09 22:07:22.083000','1','<News: 2019诺贝尔化学奖揭晓：锂电池彻底改变了我们的生活>',1,'[{\"added\": {}}]',7,1),(3,'2019-10-09 22:07:34.966000','1','<News: 2019诺贝尔化学奖揭晓：锂电池彻底改变了我们的生活>',2,'[{\"changed\": {\"fields\": [\"content\"]}}]',7,1),(4,'2019-10-09 22:08:49.130000','2','<News: 朝美工作磋商后表态迥异，中方：望双方保持耐心，相向而行>',1,'[{\"added\": {}}]',7,1),(5,'2019-10-09 22:10:06.991000','2','<News: 诺贝尔物理学奖得主寄语年轻人：不要为得奖做科研>',1,'[{\"added\": {}}]',8,1),(6,'2019-10-09 22:11:07.094000','3','<News: 华为5G芯片都靠它？台积电7nn EUV 工艺正式商用>',1,'[{\"added\": {}}]',8,1),(7,'2019-10-09 22:11:40.156000','4','<News: 李克强主持召开国务院常务会议>',1,'[{\"added\": {}}]',8,1),(8,'2019-10-09 22:12:43.517000','5','<News: 首创置业前9个月销售超510亿，9月新获上海一项目>',1,'[{\"added\": {}}]',8,1),(9,'2019-10-09 22:57:58.981000','6','<News: 土耳其美梦成真：将发动一场大规模军事行动 美国不支持也不反对>',1,'[{\"added\": {}}]',8,1),(10,'2019-10-09 23:00:50.812000','7','<News: 诺贝尔奖创纪录 97岁科学家成最高龄获奖者>',1,'[{\"added\": {}}]',8,1),(11,'2019-10-09 23:19:11.227000','3','<News: 火箭球星哈登改口支持肖华 耐克市值一天缩水了20亿美元会向肖华施压吗？>',1,'[{\"added\": {}}]',7,1),(12,'2019-10-16 14:46:01.155000','1','<Recruit: 销售代表>',1,'[{\"added\": {}}]',9,1),(13,'2019-10-16 14:48:32.063000','2','<Recruit: 客户经理>',1,'[{\"added\": {}}]',9,1),(14,'2019-10-16 14:49:22.360000','3','<Recruit: 行政前台>',1,'[{\"added\": {}}]',9,1),(15,'2019-10-16 14:49:58.343000','4','<Recruit: 人事专员>',1,'[{\"added\": {}}]',9,1),(16,'2019-10-16 15:47:38.211000','8','<News: 英国脱欧尚未成功 苏格兰或将再次举行独立公投>',1,'[{\"added\": {}}]',8,1),(17,'2019-10-16 16:28:31.746000','5','<Recruit: 培训讲师>',1,'[{\"added\": {}}]',9,1),(18,'2019-10-16 23:00:53.687000','5','<Recruit: 培训讲师>',2,'[{\"changed\": {\"fields\": [\"content\"]}}]',9,1),(19,'2019-10-17 16:09:15.707000','1','业务规则',1,'[{\"added\": {}}]',10,1),(20,'2019-10-17 16:09:34.648000','2','清算与结算',1,'[{\"added\": {}}]',10,1),(21,'2019-10-17 16:09:45.050000','3','黄金市场政策',1,'[{\"added\": {}}]',10,1),(22,'2019-10-17 16:09:51.855000','4','交割与定价',1,'[{\"added\": {}}]',10,1),(23,'2019-10-17 16:10:00.154000','5','反洗钱专栏',1,'[{\"added\": {}}]',10,1),(24,'2019-10-17 16:15:20.200000','1','<Rule: 市场规范：中国人民银行办公厅关于印发《金融机构互联网黄金业务管理暂行办法》的通知（银办发〔2018〕>',1,'[{\"added\": {}}]',11,1),(25,'2019-10-17 16:16:50.711000','2','<Rule: 市场规范：中国人民银行办公厅关于印发《黄金积存业务管理暂行办法》的通知（银办发〔2018〕222号）>',1,'[{\"added\": {}}]',11,1),(26,'2019-10-17 16:19:29.181000','3','<Rule: 市场规范：中国人民银行办公厅关于黄金资产管理业务有关事项的通知（银办发〔2018〕215号）>',1,'[{\"added\": {}}]',11,1),(27,'2019-10-17 16:31:16.938000','4','<Rule: 黄金及黄金制品进出口管理办法 中国人民银行 海关总署令〔2015〕第1号>',1,'[{\"added\": {}}]',11,1),(28,'2019-10-17 16:33:45.618000','5','<Rule: 国务院办公厅关于清理整顿各类交易场所的实施意见 国办发〔2012〕37号>',1,'[{\"added\": {}}]',11,1),(29,'2019-10-17 19:57:49.361000','1','<Rule: 市场规范：中国人民银行办公厅关于印发《金融机构互联网黄金业务管理暂行办法》的通知（银办发〔2018〕>',2,'[{\"changed\": {\"fields\": [\"content\"]}}]',11,1),(30,'2019-10-17 19:57:58.838000','2','<Rule: 市场规范：中国人民银行办公厅关于印发《黄金积存业务管理暂行办法》的通知（银办发〔2018〕222号）>',2,'[{\"changed\": {\"fields\": [\"content\"]}}]',11,1),(31,'2019-10-17 19:58:07.589000','3','<Rule: 市场规范：中国人民银行办公厅关于黄金资产管理业务有关事项的通知（银办发〔2018〕215号）>',2,'[{\"changed\": {\"fields\": [\"content\"]}}]',11,1),(32,'2019-10-17 19:58:43.574000','4','<Rule: 黄金及黄金制品进出口管理办法 中国人民银行 海关总署令〔2015〕第1号>',2,'[{\"changed\": {\"fields\": [\"content\"]}}]',11,1),(33,'2019-10-17 19:58:58.188000','5','<Rule: 国务院办公厅关于清理整顿各类交易场所的实施意见 国办发〔2012〕37号>',2,'[{\"changed\": {\"fields\": [\"content\"]}}]',11,1),(34,'2019-10-17 20:00:23.992000','5','<Rule: 国务院办公厅关于清理整顿各类交易场所的实施意见 国办发〔2012〕37号>',2,'[{\"changed\": {\"fields\": [\"content\"]}}]',11,1),(35,'2019-10-17 20:39:27.372000','5','<Rule: 国务院办公厅关于清理整顿各类交易场所的实施意见 国办发〔2012〕37号>',2,'[{\"changed\": {\"fields\": [\"content\"]}}]',11,1),(36,'2019-10-17 20:39:36.174000','1','<News: “海贝思”仍维持超强台风级 12日后转向并趋向日本>',2,'[{\"changed\": {\"fields\": [\"author\"]}}]',8,1),(37,'2019-10-17 20:39:43.853000','2','<News: 诺贝尔物理学奖得主寄语年轻人：不要为得奖做科研>',2,'[{\"changed\": {\"fields\": [\"author\"]}}]',8,1),(38,'2019-10-17 20:39:49.252000','3','<News: 华为5G芯片都靠它？台积电7nn EUV 工艺正式商用>',2,'[{\"changed\": {\"fields\": [\"author\"]}}]',8,1),(39,'2019-10-17 20:39:54.234000','4','<News: 李克强主持召开国务院常务会议>',2,'[{\"changed\": {\"fields\": [\"author\"]}}]',8,1),(40,'2019-10-17 20:39:58.569000','5','<News: 首创置业前9个月销售超510亿，9月新获上海一项目>',2,'[{\"changed\": {\"fields\": [\"author\"]}}]',8,1),(41,'2019-10-17 20:40:07.639000','6','<News: 土耳其美梦成真：将发动一场大规模军事行动 美国不支持也不反对>',2,'[{\"changed\": {\"fields\": [\"author\"]}}]',8,1),(42,'2019-10-17 20:40:12.956000','7','<News: 诺贝尔奖创纪录 97岁科学家成最高龄获奖者>',2,'[{\"changed\": {\"fields\": [\"author\"]}}]',8,1),(43,'2019-10-17 20:40:20.534000','8','<News: 英国脱欧尚未成功 苏格兰或将再次举行独立公投>',2,'[{\"changed\": {\"fields\": [\"author\"]}}]',8,1),(44,'2019-10-17 20:52:16.553000','1','<News: 2019诺贝尔化学奖揭晓：锂电池彻底改变了我们的生活>',2,'[{\"changed\": {\"fields\": [\"author\"]}}]',7,1),(45,'2019-10-17 20:52:23.181000','2','<News: 朝美工作磋商后表态迥异，中方：望双方保持耐心，相向而行>',2,'[{\"changed\": {\"fields\": [\"author\"]}}]',7,1),(46,'2019-10-17 20:52:28.555000','3','<News: 火箭球星哈登改口支持肖华 耐克市值一天缩水了20亿美元会向肖华施压吗？>',2,'[{\"changed\": {\"fields\": [\"author\"]}}]',7,1),(47,'2019-10-17 21:09:29.015000','6','<Rule: 上海黄金交易所竞价交易细则>',1,'[{\"added\": {}}]',11,1),(48,'2019-10-17 21:24:08.756000','7','<Rule: 上海黄金交易所做市商管理办法>',1,'[{\"added\": {}}]',11,1),(49,'2019-10-17 21:26:28.653000','8','<Rule: 上海黄金交易所熊猫普制金币交易细则>',1,'[{\"added\": {}}]',11,1),(50,'2019-10-17 21:45:25.937000','9','<Rule: 关于清算顺序及违约处理逻辑的说明>',1,'[{\"added\": {}}]',11,1),(51,'2019-10-17 21:52:07.571000','10','<Rule: 上海黄金交易所最低结算准备金管理办法>',1,'[{\"added\": {}}]',11,1),(52,'2019-10-17 22:03:01.534000','11','<Rule: 上海黄金交易所交割细则>',1,'[{\"added\": {}}]',11,1),(53,'2019-10-17 22:05:12.972000','12','<Rule: 上海黄金交易所集中定价交易业务细则>',1,'[{\"added\": {}}]',11,1),(54,'2019-10-17 22:10:31.318000','13','<Rule: 上海黄金交易所会员反洗钱、反恐怖融资、反逃税自律指引>',1,'[{\"added\": {}}]',11,1),(55,'2019-10-17 22:15:59.053000','14','<Rule: 上海黄金交易所会员反洗钱和反恐怖融资 工作实施办法（试行）>',1,'[{\"added\": {}}]',11,1),(56,'2019-10-17 23:03:06.208000','6','<Recruit: 董事长助理>',1,'[{\"added\": {}}]',9,1),(57,'2019-10-17 23:03:20.747000','6','<Recruit: 董事长助理>',2,'[{\"changed\": {\"fields\": [\"author\"]}}]',9,1),(58,'2019-10-18 13:56:40.481000','1','<Rule: 市场规范：中国人民银行办公厅关于印发《金融机构互联网黄金业务管理暂行办法》的通知（银办发〔2018〕>',2,'[{\"changed\": {\"fields\": [\"down_load\"]}}]',11,1),(59,'2019-10-18 15:58:51.080000','1','公司简介',1,'[{\"added\": {}}]',12,1),(60,'2019-10-18 15:59:26.914000','2','企业文化',1,'[{\"added\": {}}]',12,1),(61,'2019-10-18 15:59:38.358000','3','品牌理念',1,'[{\"added\": {}}]',12,1),(62,'2019-10-18 16:02:24.549000','1','<About: 公司简介>',1,'[{\"added\": {}}]',13,1),(63,'2019-10-18 16:03:52.179000','1','<About: 公司简介>',2,'[]',13,1),(64,'2019-10-18 16:08:24.263000','1','<About: 公司简介>',2,'[{\"changed\": {\"fields\": [\"content\"]}}]',13,1),(65,'2019-10-18 16:15:22.294000','1','<About: 公司简介>',2,'[{\"changed\": {\"fields\": [\"content\"]}}]',13,1),(66,'2019-10-18 16:28:41.780000','2','<About: 企业文化>',1,'[{\"added\": {}}]',13,1),(67,'2019-10-18 16:34:04.047000','2','<About: 企业文化>',2,'[{\"changed\": {\"fields\": [\"content\"]}}]',13,1),(68,'2019-10-18 17:05:22.020000','3','<About: 品牌理念>',1,'[{\"added\": {}}]',13,1),(69,'2019-10-18 17:14:05.696000','3','<About: 品牌理念>',2,'[{\"changed\": {\"fields\": [\"content\"]}}]',13,1),(70,'2019-10-19 10:32:17.232000','1','<Recruit: 销售代表>',2,'[{\"changed\": {\"fields\": [\"responsibilities\"]}}]',9,1),(71,'2019-10-19 10:32:54.438000','1','黄金TD资讯',1,'[{\"added\": {}}]',15,1),(72,'2019-10-19 10:33:00.314000','2','黄金投资',1,'[{\"added\": {}}]',15,1),(73,'2019-10-19 10:33:06.462000','3','机构观点',1,'[{\"added\": {}}]',15,1),(74,'2019-10-19 10:33:12.998000','4','机构分析',1,'[{\"added\": {}}]',15,1),(75,'2019-10-19 10:59:36.414000','1','<Golds: 一报还一报?欧美酝酿新的关税较量!黄金TD后劲不足由涨转跌至340.82>',1,'[{\"added\": {}}]',14,1),(76,'2019-10-19 11:03:07.121000','2','<Golds: 俄军进美军退!叙利亚局势扑朔迷离!避险发光黄金TD涨至340>',1,'[{\"added\": {}}]',14,1),(77,'2019-10-19 11:04:36.554000','3','<Golds: 国际贸易局势突变！贵金属多头窃喜 白银T+D持稳反弹>',1,'[{\"added\": {}}]',14,1),(78,'2019-10-19 11:06:22.595000','4','<Golds: 市场乐观情绪有所消退 买盘支撑黄金T+D周三夜盘上涨>',1,'[{\"added\": {}}]',14,1),(79,'2019-10-19 11:10:10.569000','5','<Golds: 取得进展?爱尔兰对英国脱欧乐观!避险需求降低 黄金TD下跌!>',1,'[{\"added\": {}}]',14,1),(80,'2019-10-19 15:11:11.620000','6','<Golds: 2019新经济峰会｜如何促进金融与实体经济的良性循环？>',1,'[{\"added\": {}}]',14,1),(81,'2019-10-19 15:13:08.091000','7','<Golds: 2019新经济峰会 | 新科技未来重塑金融新业态>',1,'[{\"added\": {}}]',14,1),(82,'2019-10-19 15:14:29.257000','8','<Golds: 炒黄金如何巧用支撑位?>',1,'[{\"added\": {}}]',14,1),(83,'2019-10-19 15:17:47.710000','9','<Golds: 如何降低炒黄金手续费?>',1,'[{\"added\": {}}]',14,1),(84,'2019-10-19 15:20:07.490000','10','<Golds: 中美贸易传佳音！黄金冲高回落，跌势重启？>',1,'[{\"added\": {}}]',14,1),(85,'2019-10-19 15:21:28.027000','11','<Golds: 美联储鹰派声音渐强，黄金高位跳水20美金，还要跌？>',1,'[{\"added\": {}}]',14,1),(86,'2019-10-19 16:29:29.879000','3','<Golds: 国际贸易局势突变！贵金属多头窃喜 白银T+D持稳反弹>',2,'[{\"changed\": {\"fields\": [\"content\"]}}]',14,1),(87,'2019-10-19 18:07:50.019000','7','<Recruit: 平面设计师>',1,'[{\"added\": {}}]',9,1),(88,'2019-10-19 18:08:16.801000','8','<Recruit: 后期剪辑师>',1,'[{\"added\": {}}]',9,1);
/*!40000 ALTER TABLE `django_admin_log` ENABLE KEYS */;
UNLOCK TABLES;

--
-- Table structure for table `django_content_type`
--

DROP TABLE IF EXISTS `django_content_type`;
/*!40101 SET @saved_cs_client     = @@character_set_client */;
/*!50503 SET character_set_client = utf8mb4 */;
CREATE TABLE `django_content_type` (
  `id` int(11) NOT NULL AUTO_INCREMENT,
  `app_label` varchar(100) COLLATE utf8mb4_unicode_ci NOT NULL,
  `model` varchar(100) COLLATE utf8mb4_unicode_ci NOT NULL,
  PRIMARY KEY (`id`),
  UNIQUE KEY `django_content_type_app_label_model_76bd3d3b_uniq` (`app_label`,`model`)
) ENGINE=InnoDB AUTO_INCREMENT=16 DEFAULT CHARSET=utf8mb4 COLLATE=utf8mb4_unicode_ci;
/*!40101 SET character_set_client = @saved_cs_client */;

--
-- Dumping data for table `django_content_type`
--

LOCK TABLES `django_content_type` WRITE;
/*!40000 ALTER TABLE `django_content_type` DISABLE KEYS */;
INSERT INTO `django_content_type` VALUES (13,'about','about'),(12,'about','abouttype'),(1,'admin','logentry'),(3,'auth','group'),(2,'auth','permission'),(4,'auth','user'),(5,'contenttypes','contenttype'),(14,'golds','golds'),(15,'golds','goldtype'),(7,'news','headlinenews'),(8,'news','news'),(9,'recruit','recruit'),(11,'rule','rule'),(10,'rule','ruletype'),(6,'sessions','session');
/*!40000 ALTER TABLE `django_content_type` ENABLE KEYS */;
UNLOCK TABLES;

--
-- Table structure for table `django_migrations`
--

DROP TABLE IF EXISTS `django_migrations`;
/*!40101 SET @saved_cs_client     = @@character_set_client */;
/*!50503 SET character_set_client = utf8mb4 */;
CREATE TABLE `django_migrations` (
  `id` int(11) NOT NULL AUTO_INCREMENT,
  `app` varchar(255) COLLATE utf8mb4_unicode_ci NOT NULL,
  `name` varchar(255) COLLATE utf8mb4_unicode_ci NOT NULL,
  `applied` datetime(6) NOT NULL,
  PRIMARY KEY (`id`)
) ENGINE=InnoDB AUTO_INCREMENT=22 DEFAULT CHARSET=utf8mb4 COLLATE=utf8mb4_unicode_ci;
/*!40101 SET character_set_client = @saved_cs_client */;

--
-- Dumping data for table `django_migrations`
--

LOCK TABLES `django_migrations` WRITE;
/*!40000 ALTER TABLE `django_migrations` DISABLE KEYS */;
INSERT INTO `django_migrations` VALUES (1,'about','0001_initial','2019-10-25 18:07:17.702400'),(2,'contenttypes','0001_initial','2019-10-25 18:07:17.760400'),(3,'auth','0001_initial','2019-10-25 18:07:18.465400'),(4,'admin','0001_initial','2019-10-25 18:07:18.682400'),(5,'admin','0002_logentry_remove_auto_add','2019-10-25 18:07:18.694400'),(6,'contenttypes','0002_remove_content_type_name','2019-10-25 18:07:18.814400'),(7,'auth','0002_alter_permission_name_max_length','2019-10-25 18:07:18.884400'),(8,'auth','0003_alter_user_email_max_length','2019-10-25 18:07:18.914400'),(9,'auth','0004_alter_user_username_opts','2019-10-25 18:07:18.925400'),(10,'auth','0005_alter_user_last_login_null','2019-10-25 18:07:18.992400'),(11,'auth','0006_require_contenttypes_0002','2019-10-25 18:07:18.998400'),(12,'auth','0007_alter_validators_add_error_messages','2019-10-25 18:07:19.009400'),(13,'auth','0008_alter_user_username_max_length','2019-10-25 18:07:19.188400'),(14,'auth','0009_alter_user_last_name_max_length','2019-10-25 18:07:19.265400'),(15,'golds','0001_initial','2019-10-25 18:07:19.409400'),(16,'news','0001_initial','2019-10-25 18:07:19.479400'),(17,'recruit','0001_initial','2019-10-25 18:07:19.514400'),(18,'rule','0001_initial','2019-10-25 18:07:19.675400'),(19,'rule','0002_rule_down_load','2019-10-25 18:07:19.713400'),(20,'rule','0003_remove_rule_down_load','2019-10-25 18:07:19.770400'),(21,'sessions','0001_initial','2019-10-25 18:07:19.836400');
/*!40000 ALTER TABLE `django_migrations` ENABLE KEYS */;
UNLOCK TABLES;

--
-- Table structure for table `django_session`
--

DROP TABLE IF EXISTS `django_session`;
/*!40101 SET @saved_cs_client     = @@character_set_client */;
/*!50503 SET character_set_client = utf8mb4 */;
CREATE TABLE `django_session` (
  `session_key` varchar(40) COLLATE utf8mb4_unicode_ci NOT NULL,
  `session_data` longtext COLLATE utf8mb4_unicode_ci NOT NULL,
  `expire_date` datetime(6) NOT NULL,
  PRIMARY KEY (`session_key`),
  KEY `django_session_expire_date_a5c62663` (`expire_date`)
) ENGINE=InnoDB DEFAULT CHARSET=utf8mb4 COLLATE=utf8mb4_unicode_ci;
/*!40101 SET character_set_client = @saved_cs_client */;

--
-- Dumping data for table `django_session`
--

LOCK TABLES `django_session` WRITE;
/*!40000 ALTER TABLE `django_session` DISABLE KEYS */;
INSERT INTO `django_session` VALUES ('dyhlkg2zah3vwyc026pajrxbxq7fhszb','MjZiZTZlNTA1MzAxNjQwZWI5NWZlYTY0M2U2ZmZhYzNhMjYwMWYwZDp7Il9hdXRoX3VzZXJfaWQiOiIxIiwiX2F1dGhfdXNlcl9iYWNrZW5kIjoiZGphbmdvLmNvbnRyaWIuYXV0aC5iYWNrZW5kcy5Nb2RlbEJhY2tlbmQiLCJfYXV0aF91c2VyX2hhc2giOiJmZjkwYjVhZjBjY2JjYWFhMzAwMDE0ZTgyYTcxMjdhYjEyYjI3YjFlIn0=','2019-10-23 22:01:39.139000'),('gtznzy1djfjzrbhu0rglcbqdffw86wv3','MjZiZTZlNTA1MzAxNjQwZWI5NWZlYTY0M2U2ZmZhYzNhMjYwMWYwZDp7Il9hdXRoX3VzZXJfaWQiOiIxIiwiX2F1dGhfdXNlcl9iYWNrZW5kIjoiZGphbmdvLmNvbnRyaWIuYXV0aC5iYWNrZW5kcy5Nb2RlbEJhY2tlbmQiLCJfYXV0aF91c2VyX2hhc2giOiJmZjkwYjVhZjBjY2JjYWFhMzAwMDE0ZTgyYTcxMjdhYjEyYjI3YjFlIn0=','2019-10-30 14:36:51.671000'),('rphx730x8rb2os2g664ib44y5r2txusg','MjZiZTZlNTA1MzAxNjQwZWI5NWZlYTY0M2U2ZmZhYzNhMjYwMWYwZDp7Il9hdXRoX3VzZXJfaWQiOiIxIiwiX2F1dGhfdXNlcl9iYWNrZW5kIjoiZGphbmdvLmNvbnRyaWIuYXV0aC5iYWNrZW5kcy5Nb2RlbEJhY2tlbmQiLCJfYXV0aF91c2VyX2hhc2giOiJmZjkwYjVhZjBjY2JjYWFhMzAwMDE0ZTgyYTcxMjdhYjEyYjI3YjFlIn0=','2019-11-09 11:18:29.534200');
/*!40000 ALTER TABLE `django_session` ENABLE KEYS */;
UNLOCK TABLES;

--
-- Table structure for table `tb_about`
--

DROP TABLE IF EXISTS `tb_about`;
/*!40101 SET @saved_cs_client     = @@character_set_client */;
/*!50503 SET character_set_client = utf8mb4 */;
CREATE TABLE `tb_about` (
  `id` int(11) NOT NULL AUTO_INCREMENT,
  `about_type` varchar(20) COLLATE utf8mb4_unicode_ci NOT NULL,
  `created_time` datetime(6) NOT NULL,
  PRIMARY KEY (`id`)
) ENGINE=InnoDB AUTO_INCREMENT=4 DEFAULT CHARSET=utf8mb4 COLLATE=utf8mb4_unicode_ci;
/*!40101 SET character_set_client = @saved_cs_client */;

--
-- Dumping data for table `tb_about`
--

LOCK TABLES `tb_about` WRITE;
/*!40000 ALTER TABLE `tb_about` DISABLE KEYS */;
INSERT INTO `tb_about` VALUES (1,'公司简介','2019-10-18 15:58:51.077000'),(2,'企业文化','2019-10-18 15:59:26.912000'),(3,'品牌理念','2019-10-18 15:59:38.354000');
/*!40000 ALTER TABLE `tb_about` ENABLE KEYS */;
UNLOCK TABLES;

--
-- Table structure for table `tb_company`
--

DROP TABLE IF EXISTS `tb_company`;
/*!40101 SET @saved_cs_client     = @@character_set_client */;
/*!50503 SET character_set_client = utf8mb4 */;
CREATE TABLE `tb_company` (
  `id` int(11) NOT NULL AUTO_INCREMENT,
  `content` longtext COLLATE utf8mb4_unicode_ci NOT NULL,
  `created_time` datetime(6) NOT NULL,
  `about_type_id` int(11) NOT NULL,
  PRIMARY KEY (`id`),
  KEY `tb_company_about_type_id_1bba7076_fk_tb_about_id` (`about_type_id`),
  CONSTRAINT `tb_company_about_type_id_1bba7076_fk_tb_about_id` FOREIGN KEY (`about_type_id`) REFERENCES `tb_about` (`id`)
) ENGINE=InnoDB AUTO_INCREMENT=4 DEFAULT CHARSET=utf8mb4 COLLATE=utf8mb4_unicode_ci;
/*!40101 SET character_set_client = @saved_cs_client */;

--
-- Dumping data for table `tb_company`
--

LOCK TABLES `tb_company` WRITE;
/*!40000 ALTER TABLE `tb_company` DISABLE KEYS */;
INSERT INTO `tb_company` VALUES (1,'<p>&nbsp; &nbsp; &nbsp; &nbsp; &nbsp; &nbsp; &nbsp; &nbsp; &nbsp; &nbsp; &nbsp; &nbsp; &nbsp; &nbsp; &nbsp; &nbsp; &nbsp; &nbsp; &nbsp; &nbsp; &nbsp; &nbsp; &nbsp; &nbsp; &nbsp; &nbsp;&nbsp;<img alt=\"福建华明元实业有限公司\" src=\"/media/upload/2019/10/18/rdrhga.jpg\" style=\"height:280px; width:400px\" /></p>\r\n\r\n<p>福建华明元实业有限公司于2019年07月12日成立。公司经营范围包括：珠宝首饰零售；其他金属及金属矿批发；其他非金属矿及制品批发；对批发和零售业的投资；对采矿业的投资；企业管理咨询服务；信息技术咨询服务；策划创意服务；提供企业营销策划服务；市场管理服务；市场调查；非证券类股权投资及与股权投资有关的咨询服务等。</p>','2019-10-18 16:02:24.546000',1),(2,'<p><strong>福建华明元实业有限公司核心价值观：</strong>忠诚信仰 传承创新 崇尚荣誉 卓越使命</p>\r\n\r\n<p><strong>福建华明元实业有限公司企业精神：</strong>尊重 诚信 创新 卓越</p>\r\n\r\n<p><strong>福建华明元实业有限公司品牌理念：</strong>华明元，服务至上</p>\r\n\r\n<p><strong>福建华明元实业有限公司品牌主张：</strong>健康投资、一路领先</p>\r\n\r\n<p><strong>福建华明元实业有限公司企业愿景：</strong>成为并被公认为提供世界一流投资服务的公司。</p>\r\n\r\n<p><strong>福建华明元实业有限公司人职业理念：</strong>用素养委以己任，用能力书写简历，用勤奋创造机遇，用业绩证明自己。</p>\r\n\r\n<p><strong>福建华明元实业有限公司团队精神：</strong>&ldquo;虎狼之师，王者风范&rdquo;虎狼之师 --威猛、霸气、睿智、团结；虎狼之师的个性，睿智无畏的亮剑精神，拥有超强战斗力的团队。</p>','2019-10-18 16:28:41.779000',2),(3,'<p><img alt=\"\" src=\"/media/upload/2019/10/18/32007699926fc214d5f083729cfd99f.png\" style=\"height:578px; width:929px\" /></p>\r\n\r\n<p>始终坚持商业利益与商业道德伦理并重的职业操守。坚持以&ldquo;提供优质产品和服务&rdquo;获得市场认可，赢得合理利润。</p>\r\n\r\n<p>公司一直致力于通过人性、规范的企业文化和文健、专注的发展模式，力求成为被客户，员工和社会充分尊敬的企业。以人为尊，首先是以员工为尊。</p>\r\n\r\n<p>公司一贯珍视员工为企业的最大财富，为员工提供可持续发展的空间和机会，鼓励员工和公司共同成长；倡导简洁明快的人际关系，营造能充分发挥员工才干的工作氛围。</p>','2019-10-18 17:05:22.015000',3);
/*!40000 ALTER TABLE `tb_company` ENABLE KEYS */;
UNLOCK TABLES;

--
-- Table structure for table `tb_gold`
--

DROP TABLE IF EXISTS `tb_gold`;
/*!40101 SET @saved_cs_client     = @@character_set_client */;
/*!50503 SET character_set_client = utf8mb4 */;
CREATE TABLE `tb_gold` (
  `id` int(11) NOT NULL AUTO_INCREMENT,
  `title` varchar(50) COLLATE utf8mb4_unicode_ci NOT NULL,
  `author` varchar(20) COLLATE utf8mb4_unicode_ci NOT NULL,
  `read_num` int(11) NOT NULL,
  `text` longtext COLLATE utf8mb4_unicode_ci NOT NULL,
  `content` longtext COLLATE utf8mb4_unicode_ci NOT NULL,
  `created_time` datetime(6) NOT NULL,
  `gold_type_id` int(11) NOT NULL,
  PRIMARY KEY (`id`),
  KEY `tb_gold_gold_type_id_b57f25db_fk_tb_gold_type_id` (`gold_type_id`),
  CONSTRAINT `tb_gold_gold_type_id_b57f25db_fk_tb_gold_type_id` FOREIGN KEY (`gold_type_id`) REFERENCES `tb_gold_type` (`id`)
) ENGINE=InnoDB AUTO_INCREMENT=12 DEFAULT CHARSET=utf8mb4 COLLATE=utf8mb4_unicode_ci;
/*!40101 SET character_set_client = @saved_cs_client */;

--
-- Dumping data for table `tb_gold`
--

LOCK TABLES `tb_gold` WRITE;
/*!40000 ALTER TABLE `tb_gold` DISABLE KEYS */;
INSERT INTO `tb_gold` VALUES (1,'一报还一报?欧美酝酿新的关税较量!黄金TD后劲不足由涨转跌至340.82','福建华明元实业有限公司',1,'10月18日讯 当下，市场上的风险事件都对贵金属市场形成一定的支撑。除了存在巨大不确定性的英国脱欧事件之外，本交易日应该将重点放在美国和欧盟之间的关税矛盾上。','<p>福建华明元10月18日讯 当下，市场上的风险事件都对贵金属市场形成一定的支撑。除了存在巨大不确定性的英国脱欧事件之外，本交易日应该将重点放在美国和欧盟之间的关税矛盾上。早前，美国贸易代表办公室在发出的通知中称，对欧盟商品计划加征的10%及25%关税于10月18日生效。市场需要警惕欧盟随时发出反击，这将对黄金市场构成新的影响。</p>\r\n\r\n<p>截止发稿，黄金TD从昨晚的涨势中开始掉头小幅下跌，报340.82元/克，涨幅-0.15%。黄金T+D周四(10月17日)夜盘上涨，报341.19元/克，开于340.2元/克，上涨0.99元/克。黄金T+D周四上涨1.86元，涨幅0.55%，收341.34元/克，最高报价341.76元/克，最低报价338.58元/克。</p>\r\n\r\n<h2>一报还一报?欧美酝酿新的关税较量!</h2>\r\n\r\n<p>周四，德国政府表示，对2020年经济增长预估从之前预期的1.5%下调至1.0%，但补充说，这个欧洲最大的经济体没有面临危机。</p>\r\n\r\n<p>Henderson Rowe研究主管阿Art Baluszynski表示：&ldquo;对双方(英国和欧盟)而言，达成新协议应该是比无协议更好的情境。但德国有点像陷入了一个全球贸易下滑的体系。欧洲其它国家的形势也与此类似。&rdquo;</p>\r\n\r\n<p>眼下市场焦点转向欧美新一轮关税行动。据外媒报道，美国贸易代表办公室在发出的通知中称，对欧盟商品计划加征的10%及25%关税于10月18日生效。</p>\r\n\r\n<p><img alt=\"一报还一报?欧美酝酿新的关税较量!黄金TD后劲不足由涨转跌至340.82\" src=\"/media/upload/2019/10/19/1571370901279388.jpg\" style=\"height:340px; width:550px\" /></p>\r\n\r\n<p>随后法国财长勒梅尔回应称，最好避免欧盟和美国之间的贸易争端。如果美国继续推进关税行动，欧盟做好了反击的准备。</p>\r\n\r\n<p>据美联社报道，美国总统特朗普与意大利总统马塔雷拉会面时表明，美国对欧盟关税战不能落败，因为美国与欧盟存在巨大贸易不平衡。他指美国在欧美贸易中多年来面对困境，但现在欧盟情况非常困难，因他准备轻易地修正问题，且不会有任何金融反击，亦希望不用这样做。</p>\r\n\r\n<p>本周一世界贸易组织(WTO)正式准许美国就欧盟不当补贴空中巴士，向欧盟实施贸易制裁。欧盟亦就美国不当补贴波音公司于WTO胜诉，但未取得报复许可裁决。</p>\r\n\r\n<p>此外欧盟也在为11月14日的截止日期做准备，届时特朗普政府必须决定是否要以美国国家安全为由对欧洲汽车和零件最多征税25%。该征税举措先前已推迟六个月。</p>','2019-10-19 10:59:36.405000',1),(2,'俄军进美军退!叙利亚局势扑朔迷离!避险发光黄金TD涨至340','福建华明元实业有限公司',0,'10月17日讯 目前，叙利亚局势也是让人琢磨不定。美方和俄方目前对叙利亚的影响力发生了新的反转，俄罗斯军队15日进入叙利亚东北部重镇曼比季，以填补美国军队撤离留下的“空缺”，','<p>福建华明元10月17日讯 目前，叙利亚局势也是让人琢磨不定。美方和俄方目前对叙利亚的影响力发生了新的反转，俄罗斯军队15日进入叙利亚东北部重镇曼比季，以填补美国军队撤离留下的&ldquo;空缺&rdquo;，避免叙利亚军队与土耳其军队交火。使得美国对叙利亚局势的影响力削弱，而俄方影响力增加。不确定的局面导致<a href=\"http://www.dyhjw.com/hjtd/\" target=\"_blank\">黄金TD</a>重新发挥了它的避险属性。</p>\r\n\r\n<p>截止发稿，黄金TD报340.84元/克，涨幅0.29%。</p>\r\n\r\n<h2>俄军进美军退!叙利亚局势扑朔迷离!</h2>\r\n\r\n<p>电视画面显示，叙利亚军队士兵进入曼比季以后挥舞国旗。俄罗斯记者拍摄的视频显示一处看似遭遗弃的美军哨所。</p>\r\n\r\n<p>曼比季位于北部阿勒颇省东北部，有一处美军基地。美军从2017年开始在曼比季驻扎，一定程度上是为阻隔库尔德武装与土耳其军队。</p>\r\n\r\n<p>美军发言人迈尔斯&middot;卡金斯15日确认，美军完全撤出曼比季。</p>\r\n\r\n<p>叙利亚军队14日进入先前由库尔德武装控制的东北部。土方9日派遣地面部队进入这一地区，对库尔德武装发起打击。叙利亚谴责土军越境，誓言捍卫主权。</p>\r\n\r\n<p>俄罗斯国防部15日证实，俄军士兵在曼比季外围巡逻，防止土军和叙军交火。</p>\r\n\r\n<p>俄罗斯总统叙利亚问题特使亚历山大&middot;拉夫连季耶夫说，没有人对土军与叙军可能发生冲突&ldquo;感兴趣&rdquo;，俄方&ldquo;不会让这类事情发生&rdquo;。</p>\r\n\r\n<p>库尔德武装先前接受美军训练和武装，在前些年打击极端组织&ldquo;伊斯兰国&rdquo;阶段充当美国盟友，面临土军打击之际与叙利亚政府达成协议、联手守护叙土边境。</p>\r\n\r\n<p>俄罗斯总统弗拉基米尔&middot;普京15日邀请土耳其总统雷杰普&middot;塔伊普&middot;埃尔多安数天内访俄，后者答应。</p>\r\n\r\n<p>俄罗斯总统府克里姆林宫15日在一份声明中说：&ldquo;弗拉基米尔&middot;普京邀请塔伊普&middot;埃尔多安在今后几天对俄罗斯作工作访问。邀请获接受。&rdquo;</p>\r\n\r\n<p>克里姆林宫说，两国领导人谈及土军和叙军避免交火的必要性。在美国《纽约时报》看来，俄军填补美军撤出后的空缺说明美国正对叙利亚局势丧失影响力;《华尔街日报》解读，美国撤军为俄罗斯增加影响力创造机会。</p>\r\n\r\n<p>美国常驻联合国代表凯莉&middot;克拉夫特告诉媒体记者，美国政府&ldquo;非常关切&rdquo;俄军部队在叙军和土军之间巡逻。</p>\r\n\r\n<p>俄罗斯国防部发布简短声明，说俄方国防部长谢尔盖&middot;绍伊古和美方防长马克&middot;埃斯珀通话讨论&ldquo;叙利亚局势所涉及的(俄美)共同利益&rdquo;。</p>\r\n\r\n<p>两人通电话时，普京和埃尔多安同意确保叙利亚主权完整。</p>\r\n\r\n<p>埃尔多安15日说，他不担心叙军进入曼比季，&ldquo;对我而言那不是非常糟糕的消息。为什么?毕竟那是他们的领土。&rdquo;</p>\r\n\r\n<p>&ldquo;但是，关键是恐怖组织不能留在那里，&rdquo;他说，&ldquo;我同样告诉普京，如果你们能把恐怖组织赶出曼比季，就这么做&hellip;&hellip;但如果你们不这样做，那里的人要我们去解救他们。&rdquo;</p>\r\n\r\n<p>只是，土耳其副总统福阿德&middot;奥克塔伊的表述与埃尔多安稍显不同。英国天空新闻频道记者问及土军是否会与叙军交战，奥克塔伊回答：&ldquo;希望那不会发生，但我们决心控制曼比季。&rdquo;</p>\r\n\r\n<p>美联社报道，在叙利亚境内，土军现在控制土叙边界中段地区，起于泰勒艾卜耶德, 止于拉斯艾因，宽大约100公里。叙军正在向其他边境区域增派兵力，西至曼比季，东北至卡米什利和哈塞克。</p>\r\n\r\n<p>埃尔多安所说&ldquo;恐怖组织&rdquo;，指叙利亚库尔德武装，缘由是土方认定它与境内库尔德工人党同源。</p>\r\n\r\n<p>目前，叙利亚局势依然迷雾重重，也导致市场上的避险情绪持续回升。</p>','2019-10-19 11:03:07.113000',1),(3,'国际贸易局势突变！贵金属多头窃喜 白银T+D持稳反弹','福建华明元实业有限公司',3,'周二(10月15日)亚市盘中，国际白银位于17.712美元/盎司水平交投。本交易日银价继续展开震荡反弹，上一交易日也基本呈现温和反弹行情。','<p>周二(10月15日)亚市盘中，国际白银位于17.712美元/盎司水平交投。本交易日银价继续展开震荡反弹，上一交易日也基本呈现温和反弹行情。<br />\r\n<br />\r\n　　本交易日亚市盘中，上海黄金交易所白银T+D上涨0.77%至4312元/千克。本交易日开盘时报4291元/千克。<br />\r\n<br />\r\n　　白银T+D周一(10月14日)收盘下跌23元/千克，跌幅0.53%，收于4279元/千克，最高报价4297元/千克，最低报价4238元/千克。<br />\r\n<br />\r\n　　与此同时，上一交易日国际现货白银开于17.55美元/盎司，最低下探17.39美元/盎司，最高涨至17.70美元/盎司，收于17.65美元/盎司，上涨0.12美元，涨幅0.68%。<br />\r\n<br />\r\n　　周一国际贸易局势方面传出新消息，当地时间10月14日下午，美国财政部长努钦和副总统彭斯在白宫外宣布，美国总统特朗普签署行政命令，正式对土耳其实施制裁。<br />\r\n<br />\r\n　　彭斯表示，总统下令提高对土耳其的钢铁关税(至50%)，并立即取消了与土耳其的官员1000亿美元贸易协议谈判。同时，美国正式对涉及入侵叙利亚北部的土耳其政府部分官员和机构实施制裁。努钦指出，美国现已制裁了三名土耳其部长以及土耳其国防部和能源部。<br />\r\n<br />\r\n　　彭斯声称，今日对土耳其的制裁只是一个开始，如果土耳其不同意停火，制裁将继续。<br />\r\n<br />\r\n　　特朗普将关税矛头指向土耳其的消息传出后，市场避险情绪重新回升，贵金属因而获得买盘提振。<br />\r\n<br />\r\n　　技术面看，日图显示银价暂时呈现温和反弹之势，MACD绿色动能柱不变，KDJ随机指标略微走平，指示白银可能将陷入一段时间的窄幅整理交投。<br />\r\n<br />\r\n　　4小时图上看，银价也展开温和反弹，MACD红色动能柱不变且实体较窄，KDJ随机指标继续温和走高，指示银价短线可能继续小幅反弹。<br />\r\n<br />\r\n　　基本面利好因素：<br />\r\n<br />\r\n　　1、当地时间10月14日下午，美国财政部长姆努钦和副总统彭斯在白宫外宣布，美国总统特朗普签署行政命令，正式对土耳其实施制裁。<br />\r\n<br />\r\n　　2、周一(10月14日)消息人士对CNBC表示，中国希望在签署协议第一阶段之前进行新一轮谈判，市场乐观情绪有所降温。<br />\r\n<br />\r\n　　3、英国和欧盟能否达成协议让英国顺利脱欧的前景仍不明朗，之前有外交官表示，欧盟希望英国首相约翰逊作出更多让步，称本周不太可能达成全面协议。<br />\r\n<br />\r\n　　4、上周四公布的美国9月核心CPI环比增长0.1%，预期增长0.2%；CPI环比持平，预期增长0.1%。有机构评论称，美国9月CPI月率持平，潜在通胀回落，加上贸易局势导致经济前景面临风险，支撑了美联储将在10月进行第三次降息的预期。<br />\r\n<br />\r\n　　基本面利空因素：<br />\r\n<br />\r\n　　1、据新华社消息，美国总统特朗普10月11日表示，他认为美中两国已&ldquo;非常接近&rdquo;结束贸易战，且双方将达成的协议对美中两国和全世界都有利。朗普还提到，他很高兴看到，美中经贸磋商取得了实质性的第一阶段成果，这对美中两国和世界都是重大利好。希望双方团队抓紧工作，及早确定第一阶段协议文本，并继续推进后续磋商。<br />\r\n<br />\r\n　　2、上周五(10月11日)中共中央政治局委员、国务院副总理、中美全面经济对话中方牵头人刘鹤表示，双方在此轮磋商中就共同关心的经贸问题进行了坦诚、高效、建设性的讨论，在农业、知识产权保护、汇率、金融服务、扩大贸易合作、技术转让、争端解决等领域取得实质性进展，讨论了后续磋商安排。<br />\r\n<br />\r\n　　3、周五有消息称，欧盟同意其负责英国脱欧的首席谈判代表重启与伦敦方面的磋商。欧盟负责英国脱欧的首席谈判代表巴尼耶表示，他已经与英国脱欧事务大臣巴克利进行了一次&ldquo;建设性的&rdquo;会谈，欧盟27国同意他在10月31日的最后期限之前尝试达成脱欧协议。<br />\r\n<br />\r\n　　4、周五公布的美国9月进口物价指数年率为-1.6%，较前值-2%和预期-2.1%有所上升，好于预期；美国10月密歇根大学消费者信心指数初值为96，高于前值93.2和预期92，对美元构成利好。<br />\r\n<br />\r\n　　本交易日重点关注：<br />\r\n<br />\r\n　　经济数据<br />\r\n<br />\r\n　　14:45 法国9月CPI月率终值<br />\r\n<br />\r\n　　16:30 英国9月失业率、英国8月至三个月ILO失业率<br />\r\n<br />\r\n　　17:00 德国10月ZEW经济景气指数、欧元区10月ZEW经济景气指数<br />\r\n<br />\r\n　　20:30 美国10月纽约联储制造业指数<br />\r\n<br />\r\n　　央行动态<br />\r\n<br />\r\n　　16:25 圣路易斯联储主席布拉德在Money Macro &amp; Finance Society举办2019年货币及金融政策会议上发表讲话<br />\r\n<br />\r\n　　16:30 英国央行行长卡尼、副行长兼审慎监管局CEO伍兹、金融政策委员会委员泰勒和Don Kohn在英国议会财政委员会的听证会上，就央行的金融稳定政策作证<br />\r\n<br />\r\n　　16:30 英国央行公布10月金融政策会议纪要<br />\r\n<br />\r\n　　21:00 IMF召开全球经济预期发布会<br />\r\n<br />\r\n　　00:45 堪萨斯城联储主席乔治在支付系统会议上发表讲话(次日)<br />\r\n<br />\r\n　　03:30 旧金山联储主席戴利将发表讲话(次日)<br />\r\n<br />\r\n　　北京时间11:45，白银T+D报4312元/千克，现货白银报17.712美元/盎司。</p>','2019-10-19 11:04:36.553000',1),(4,'市场乐观情绪有所消退 买盘支撑黄金T+D周三夜盘上涨','福建华明元实业有限公司',3,'黄金T+D周三(10月16日)夜盘上涨，报340.56元/克，开于339.2元/克，上涨0.44元/克。黄金T+D周三下跌0.86元，跌幅0.25%，收339.84元/克，最高报价341.40元/克，最低报价337.77元/克。国际黄金周三(10月16日)亚市早盘开于1481.05美元/盎司，最低下探1476.87美元/盎司，最高上涨至1491.30美元/盎司','<p>黄金T+D周三(10月16日)夜盘上涨，报340.56元/克，开于339.2元/克，上涨0.44元/克。黄金T+D周三下跌0.86元，跌幅0.25%，收339.84元/克，最高报价341.40元/克，最低报价337.77元/克。国际黄金周三(10月16日)亚市早盘开于1481.05美元/盎司，最低下探1476.87美元/盎司，最高上涨至1491.30美元/盎司，收于1485.80美元/盎司，上涨4.93美元，涨幅0.33%。<br />\r\n<br />\r\n　　日内公布的9月美国零售销售报告显示下降了0.3%；预期将比八月增加0.2%。该报告落入了属于希望进一步降低美国利率的货币政策鸽派的阵营。<br />\r\n<br />\r\n　　周三市场避险情绪有所回升。国际货币基金组织周二发布了一份报告，该报告预测2019年全球经济增长率为3%，低于国际货币基金组织7月份预测的3.2%的增长率。国际货币基金组织将全球贸易增长放缓归咎于全球贸易争端。<br />\r\n<br />\r\n　　本周市场的一个特点是英镑强劲反弹，由于即将达成英国脱欧协议的预期，英镑兑美元周二创四个月新高，以避免无协议退欧。但是，英国与欧盟之间尚未达成正式协议。英镑周三承受一定压力。<br />\r\n<br />\r\n　　目前从技术上看，多头的总体近期技术面优势正在减弱。 日线图上有一条长达五周的下降趋势线，需要否定该趋势线才能使多头获得新的技术力量。多头近期的目标是重返在1500大关并攻克1520的阻力位；空头的目标则是控制金价在1500大关下方，并拉低至1450的关口。第一阻力位为1500美元，其次是1510美元。第一支撑位在隔夜低点1476.87美元；其次是1470美元。<br />\r\n<br />\r\n　　基本面利好因素：&nbsp;<br />\r\n<br />\r\n　　1.周三(10月16日)公布的9月美国零售销售报告显示下降了0.3%；预期将比八月增加0.2%。该报告落入了属于希望进一步降低美国利率的货币政策鸽派的阵营。<br />\r\n<br />\r\n　　2.周四(10月10日)公布的美国9月核心CPI环比增长0.1%，预期增长0.2%；CPI环比持平，预期增长0.1%。有机构评论称，美国9月CPI月率持平，潜在通胀回落，加上贸易局势导致经济前景面临风险，支撑了美联储将在10月进行第三次降息的预期。<br />\r\n<br />\r\n　　3.周三(10月9日)公布的美国8月批发销售月率为0，低于前值0.3%和预期0.2%；美国8月批发库存月率为0.2%，低于前值和预期0.4%，数据对市场影响不大。<br />\r\n<br />\r\n　　4.世界黄金协会(WGC)在周二发布的最新报告中称，全球黄金支持的交易所买卖产品的持有量超过了2012年的水平，并在9月创下历史新高。9月份ETF持有量增加了75.2吨，总计2808吨。WGC表示：&ldquo;在全球央行实行宽松货币政策的背景下，持续的地缘政治不确定性，包括迫在眉睫的英国脱欧期限和中东紧张局势以及国会的动荡加剧，全球黄金需求在整个月中依然强劲。&rdquo;<br />\r\n<br />\r\n　　基本面利空因素：&nbsp;<br />\r\n<br />\r\n　　1.周五(10月11日)公布的美国9月进口物价指数年率为-1.6%，较前值-2%和预期-2.1%有所上升，好于预期，美股受到提振；除去石油在内的其它商品价格走低，这表明进口通胀或仍受抑。美国9月出口物价指数年率为-1.6%，较前值-1.4%有所下降。美国10月密歇根大学消费者信心指数初值为96，高于前值93.2和预期92，对美股也形成利好。<br />\r\n<br />\r\n　　2.周四(10月10日)公布的美国上周季调后初请失业金人数为21万人，低于前值和预期21.9万人，机构评论称，美国当周初请失业金人数意外录得下滑，表明尽管经济增速转向温和，雇佣速度有所放缓，劳动力市场仍然保持强劲态势。此前初请失业金人数连续三周录得增加，可能是因为通用汽车罢工事件导致。尽管失业率处于低位，但经济增速走低的环境也使得劳动力市场对劳动力需求有所放缓。<br />\r\n<br />\r\n　　3.周五(10月4日)公布的重磅数据9月非农新增录得13.6万，8月新增上修至16.8万，使得9月非农不及前值和预期。然而失业率挫至3.5%成为意外的喜讯，但薪资增幅环比停滞的表现暗示通胀没有抬头。<br />\r\n<br />\r\n　　4.周五(9月27日)公布的美国8月耐用品订单较7月增加0.2%，高出预期，预期为下降1.0%。8月个人收入上升0.4%，符合预期；<br />\r\n<br />\r\n　　周三重点关注&nbsp;<br />\r\n<br />\r\n　　20:30 美国9月营建许可总数<br />\r\n<br />\r\n　　&nbsp;&nbsp;&nbsp;&nbsp;&nbsp; 美国9月新屋开工总数年化<br />\r\n<br />\r\n　　&nbsp;&nbsp;&nbsp;&nbsp;&nbsp;&nbsp;美国至10月12日当周初请失业金人数<br />\r\n<br />\r\n　　&nbsp;&nbsp;&nbsp;&nbsp;&nbsp; 美国10月费城联储制造业指数<br />\r\n<br />\r\n　　21:15 美国9月工业产出月率<br />\r\n<br />\r\n　　&nbsp;&nbsp;&nbsp;&nbsp;&nbsp; 美国至10月11日当周EIA天然气库存<br />\r\n<br />\r\n　　23:00 美国至10月11日当周EIA原油库存<br />\r\n<br />\r\n　　次日02:00 美联储理事鲍曼发表讲话<br />\r\n<br />\r\n　　&nbsp;&nbsp;&nbsp;&nbsp;&nbsp;&nbsp;&nbsp;&nbsp;&nbsp; 美联储埃文斯发表讲话<br />\r\n<br />\r\n　　次日04:00 澳洲联储主席洛威发表讲话<br />\r\n<br />\r\n　　次日04:20 美联储威廉姆斯发表演讲</p>','2019-10-19 11:06:22.591000',1),(5,'取得进展?爱尔兰对英国脱欧乐观!避险需求降低 黄金TD下跌!','福建华明元实业有限公司',23,'福建华明元10月16日讯 一直以来，英国和欧盟就脱欧协议一直协商不了的根本分歧就在爱尔兰问题的处理上各有各的看法，彼此互不相让，导致脱欧事宜一拖再拖。不过，日前爱尔兰总理对外表示，脱欧磋商已取得进展。此番言论让市场看到了协议脱欧的曙光，避险情绪被打压，黄金TD开启了下跌模式。','<p>　福建华明元10月16日讯 一直以来，英国和欧盟就脱欧协议一直协商不了的根本分歧就在爱尔兰问题的处理上各有各的看法，彼此互不相让，导致脱欧事宜一拖再拖。不过，日前爱尔兰总理对外表示，脱欧磋商已取得进展。此番言论让市场看到了协议脱欧的曙光，避险情绪被打压，黄金TD开启了下跌模式。<br />\r\n<br />\r\n　　截止发稿，黄金TD报339.71元/克，涨幅-0.28%。</p>\r\n\r\n<p>&nbsp;&nbsp;&nbsp;&nbsp;取得进展?爱尔兰对英国脱欧乐观!<br />\r\n<br />\r\n　　爱尔兰总理瓦拉德卡发言称，在脱欧磋商中取得进展，英国首相约翰逊称有信心达成协议。但目前还不清楚周四能否完成脱欧协议，还有一些达成脱欧协议的阻碍未克服。</p>\r\n\r\n<p>&nbsp;&nbsp;&nbsp;&nbsp;瓦拉德卡乐见欧盟在脱欧问题上表现出的灵活性，不会要求欧盟在单一市场上妥协。现在谈论是否需要推迟脱欧期限还为时尚早，欧盟方面将就脱欧进展做最新简报。瓦拉德卡认为，英国与欧盟之间的分歧仍很明显，但情况在这几个小时里可能已经有所改变。<br />\r\n<br />\r\n　　欧盟首席英国脱欧谈判代表巴尼尔表示，本周仍可能与英国达成脱欧协议。但也警告称，脱欧有三种可能：达成脱欧协议，延长谈判，谈判破裂。<br />\r\n<br />\r\n　　大多数经济学家表示，无协议脱欧将损害欧元区以及英国经济。英国央行行长卡尼则表态称，金融系统已经准备好应对无协议脱欧。</p>\r\n\r\n<p>&nbsp;&nbsp;&nbsp;&nbsp;随着英国脱欧乱局愈演愈烈，约翰逊和欧盟领导人将面临纷乱的一周，英国脱欧的谜团可能会在本周晚些时候揭晓，届时人们就会知道，英国是会有序脱欧，无协议脱欧还是会再度推迟脱欧。<br />\r\n<br />\r\n　　业内机构荷兰银行指出，虽然上周以来关于英国有望达成脱欧协议的乐观消息频传，但这方面的不确定性却依旧巨大。一旦10月31日之前有效脱欧协议无法达成，那么英国首相约翰逊仍需要遵照议会此前通过的法案，进一步延长脱欧期限。<br />\r\n<br />\r\n　　而一旦如此，首相解散议会下院重新选举将在所难免，而这将带来额外不确定性。虽然民调显示，约翰逊领导的保守党有着超过10%的支持率领先优势，但是民意随时会发生变化，一旦在当前脱欧谈判中再度演砸，那么选民就可能用手中的选票惩罚保守党。<br />\r\n<br />\r\n　　变数就在于，保守党流失的选票可能会流向持极端反欧观点的&ldquo;脱欧党&rdquo;，但也不排除约翰逊说服脱欧党领导人法拉奇，两者在大选中重新结盟的可能。与之针锋相对的，则是支持留欧的中间派自由民主党可能也会得到从工党和保守党留欧派流失的选票，从而在选战中异军突起成为一极。</p>','2019-10-19 11:10:10.568000',1),(6,'2019新经济峰会｜如何促进金融与实体经济的良性循环？','福建华明元实业有限公司',1,'10月17日，由上海报业集团指导，蓝鲸财经主办，界面新闻、财联社、摩尔金融协办的2019蓝鲸新经济峰会在上海举办。邀请行业大咖、头部公司CEO、专家学者从宏观研判、产业发展、科技前沿等多维度，探讨新经济发展中最值得关注的话题。','<p>10月17日，由上海报业集团指导，蓝鲸财经主办，界面新闻、财联社、摩尔金融协办的2019蓝鲸新经济峰会在上海举办。邀请行业大咖、头部公司CEO、专家学者从宏观研判、产业发展、科技前沿等多维度，探讨新经济发展中最值得关注的话题。</p>\r\n\r\n<p>2019年以来，政策东风不断吹向实体经济，不断强化金融服务于实体经济的中心思想。峰会的圆桌论坛环节，实体经济中的行业龙头企业高管齐聚一堂，共同讨论传统行业在新经济形势下的发展与变革。</p>\r\n\r\n<p>新经济对于传统行业来说，意味着新的市场、新的用户需求和新的交易方式，新的技术也助力企业降低成本，提升效率。对此，嘉宾们分享了自己的经验与看法。</p>\r\n\r\n<p>伊利集团副总裁赵昕认为，新经济提升了乳业对于全球资源的把控能力，物联网使企业的生产更加智能化，而消费者的新需求也促使伊利研发更加个性化的产品。关于金融对实体经济的助力，赵昕提到，伊利通过与金融机构合作，以品牌作为背书，帮助上游农牧民供应商解决了融资困难的问题，助力合作伙伴抵御风险，共同发展。</p>\r\n\r\n<p>中通快递集团副总裁金任群认为，快递行业为GDP的增长做出了重要贡献，快递行业的发展改变了零售行业中消费者与商品的关系，新科技帮助快递行业实现了高度的自动化。未来，各界都能看到科技在快递行业得到应用。</p>\r\n\r\n<p>喜临门总裁杨刚认为，科技提升了企业的生产效率，在存量经济时代，新经济要求企业深度挖掘顾客需求，提升顾客的购物体验。在产品的研发上，科技的应用要为用户的核心需求服务。</p>\r\n\r\n<p>良品铺子集团公共关系副总裁赵刚认为，新经济是新视角和新思维，在新经济形势下，良品铺子拿出了转型的决心，在线上渠道获得了销量的增长。大数据等新技术提升了良品铺子的经营效率，帮助良品铺子深度挖掘用户需求，极大地改善了顾客体验。</p>\r\n\r\n<p>以下为论坛实录：</p>\r\n\r\n<p>杨莎：刚才主持人介绍了大背景。我们这场的主题是如何促进金融与实体经济的良性循环。这个问题有点大。我们聚焦一下：如何在新经济的形式下，利用新的动能支持实体经济的发展。前天国际货币基金组织发布了《世界经济展望的报告》，目前来说全球经济增速已经同步放缓，报告也再次调低了2019年经济增长率的预测，达到3%，是自2008年全球金融危机以来的历史新低。</p>\r\n\r\n<p>这是一方面，另外一方，面全球新一轮科技技术的改变和发展，以及全球新一轮产业变革的到来，势必要求中国经济向新的方向转型。新的转型方向当中，无论是金融还是科技，最后赋能的还是实体经济。</p>\r\n\r\n<p>接下来我们想邀请实体经济行业资深高管们来谈一谈实体经济新动力的问题。我简单抛砖引玉一下，&ldquo;新经济&rdquo;这三个字怎么定义，2014年的习主席提出，以信息产业为主导方向的新经济时代已经到来了。在这个过程当中大家怎么看待新经济这个问题?</p>\r\n\r\n<p>从我的角度来说，农业时代相互交易的过程是点对点的。到了工业时代，咱们把点连起来成为了一个线，一个链路形式的线。如今信息产业革命到来，加上互联网经济的发展，咱们现在的经济状态呈现出网的状态。咱们把点、线连成了一个网。这个网要求我们做什么呢?第一个要求点之间的互通有无，实现交互作用。</p>\r\n\r\n<p>另外一个方面可能会要求线之间效率提升，最后要求网络协同作用以及智能数据升级。这种新经济模式已经不再是以前政府引导的新经济的模式了，更多的会是在消费升级的过程当中，以消费者群体行为的趋向导致的新经济模式，更强调的是产品、企业与客户之间关系的转变。这是我对于新经济的见解。</p>\r\n\r\n<p>我想请问一下赵总，您怎么看待新经济这个问题?</p>\r\n\r\n<p>赵昕：乳业是比较特殊的行业，覆盖了第一、第二、第三产业，包含了种养殖、生产、研发、物流，然后到服务，到终端。新经济对于乳业的影响有几个：第一个&ldquo;新&rdquo;是出现全球资源整合的新模式。通过新的技术，如数字化革命，造成全球的变革。乳业本身对于全球资源的把控力更有话语权，也更有能力去沟通全球的资源。</p>\r\n\r\n<p>第二个&ldquo;新&rdquo;是整个内生动力的新。在技术变革的情况下，企业生产模式中智能化的应用，物联网的搭建也会形成从下到上的转变。</p>\r\n\r\n<p>第三个&ldquo;新&rdquo;是营销模式和销售模式的新。以前我们是工厂生产什么，广告播什么大家就买什么，现在企业的产品从研发开始就要跟消费者进行不断地互动和沟通，生产更加定制化的产品投放市场。这就是我理解的新经济带给传统企业，带给实体经济的变化。</p>\r\n\r\n<p>杨莎：金总谈一下您眼中的新经济到底怎么定义?</p>\r\n\r\n<p>金任群：各行各业种，快递是正春风得意的，今年快递行业实现了26%&mdash;28%的高速发展。高速发展是基于新的技术、新的信息化给我们带来的动力。我是中国最老的快递员，在1993年进入快递行业，那一年也是中国民营快递的起始年。我经历了快递行业整个信息化发展的过程：最早快递工作是手工的，只能处理万级的包裹。后来我们用电脑，这个时候我们能够处理10万级规模的包裹。再后来我们就有了互联网，互联网把我们的工作能力提升到了百万级的水准。今天我们实现了从当您下订单到包裹到你手里整个链路百分之百的数字化。在规模上我们已经达到了千万级。等于全球的包裹中国已经占了一半。</p>\r\n\r\n<p>未来还有预期，是亿级的预期。未来的预期再完全靠我们的&ldquo;步兵&rdquo;已经不行了，我们已经有30万的&ldquo;步兵&rdquo;，未来是物联网的，我们会用机器人和设施的交互，去解决人跟货物的交互，这就是技术的提升带来的整个行业能力的提升。谢谢!</p>\r\n\r\n<p>杨莎：非常感谢。补充一下，我们是红星美凯龙旗下的子公司，我们的宗旨是赋能我们的上下游以及我们的战略合作伙伴。</p>\r\n\r\n<p>杨刚：我们喜临门的核心产品是床垫，现在产能是600万张。如果将我们生产的床垫一字排开，能从东北的漠河一路排到海南三亚，排到以后还可以反回去。从目前已经公开的数据看，我们在产能上排在行业的第一位，数量上遥遥领先。</p>\r\n\r\n<p>我是这么理解新经济的：往前推十年看新经济，我们依然觉得经济是新的。就现在而言，有两个关健词更加突出：更高的效率和更高的颜值。刚才我们谈到很多关于人工智能、大数据和5G的话题，体现的是更快的速度，更低的投入和更大的产出。我们在工厂里做了一个小项目，使机器的时延从原来的45秒降低了20秒。这对工厂意味着，从操作台发出操控指令到工厂的机器实际发生变化少了20秒。结果就是我们在弹簧的制作上错误率大大降低。</p>\r\n\r\n<p>我们还用了一种可以提高速度的新技术。原来我们的工厂里如果要搬动机器，每一次搬动都要重新铺线，现在统一采用无线以后不用再这样做了。我们的工厂用更低的投入实现了更高的产出。这是我理解的新经济很重要的特征。尤其在现在互联网大数据快速发展的背景之下，制造业也在日新月异地发展。</p>\r\n\r\n<p>第二个是更加高的颜值。我们的床垫以及其他的产品一直在做设计，只有更漂亮美丽的产品才能打动消费者，才能让存量的经济中的消费者去选择喜临门，而不是到其他地方。包括互联网上的KOL，美丽的互联网大咖推荐产品的方法都是在情感上打动你。嗅觉、颜色视觉和触觉共同构成了更美丽的购买体验。在这一轮新经济之中，如果没有太多增量，谁能够做到实现更高的效率，做到拥有更美丽的颜值，谁就能够在新经济中间跑得更快。</p>\r\n\r\n<p>杨莎：非常感谢杨总顺便帮我们打广告，杨总是我们特别好的合作伙伴。</p>\r\n\r\n<p>赵刚：新经济其实是换一个角度，用一个新的思维、视野和理解去看待现在环境的变迁。良品铺子是做零食的，以前的商业定义是辅食，即辅助主食的产品。我们来看看现在线上的数据，零食品类的销售增长率目前来看远远超过行业中其他的品类。这就是换了一个角度看待行业环境。现在，我们在慢慢的切分零食的消费场景，比如看电视或交友。我们还在讲户外零食。零食的消费换了新的场景，市场空间就会出现急速的增长。</p>\r\n\r\n<p>第二个角度就是视野。比如我们销售渠道的变化，阿里巴巴提出的新经济里包括&ldquo;五新&rdquo;：新渠道、新技术等。对于良品铺子而言，我们原来是做线下的，一直以线下门店为核心业务。当我们把自己定位为以线下为核心的实体经济的时候，我们在几年中至少失去了接近50%的销售增长。这是什么意思?我们的销售有50%来自于线上。每年的终端销售额中，有超过40亿来自于线上。如果我只守在线下，就意味着缺少了一半的销售额。这也是我们讲的换一个角度来看。</p>\r\n\r\n<p>我们用什么样的思维、什么样的视野来看待市场?另外一个&ldquo;新&rdquo;就是新的顾客。现在最大的变迁实际上是来自于消费群体的形成。不管是70后、60后还是80后、90后、00后，我们发现，在这个时代消费者的独特个性主张已经成为碎片化的个性主张了。没有一个广告通过央视触达所有的消费者，这对于品牌来说是非常恐怖的现象，也代表着消费者的分割。我们面对的消费者也是所有的企业面对的，特别是做实体经济的企业，面对的消费者是需要进行个性化覆盖的群体，企业不能再像以前一样一个广告打遍天下。</p>\r\n\r\n<p>杨莎：非常感谢刚才四位嘉宾对新经济说法，刚才赵总激情澎湃地跟我们讲良品铺子怎么看待新经济这个问题，现在能不能再深入一点，说一说良品铺子刚才提到的从线下到线上转型的过程当中怎么做思路的转型，以及能不能谈一谈在转型过程当中的关键点又是什么?</p>\r\n\r\n<p>赵刚：所有的困难在钱的面前都不叫困难。现在所有的实体企业，虽然大家都在说困难，但是一般来说经营数据都在正向增长，在资金方面有一定的储备，需要进行的最大的变革就是思维变革。这个方面来说，我们要采取多层次的方式来去推动，不仅是老大创始人或高管的思维需要变化，实际上来自一线人员的思维变化才是更大的核心，管理者们需要让他们能够接受和适应为推进转型策略提出的要求。这是我们认为最大的关键点。</p>\r\n\r\n<p>第二个关键点是决心。我们的企业在2012年到2013年间实现了大的转型。我们从线下转型到线上，需要运营能力的转型。在我看来，转型重要的还是决心。决心很简单，任何人都可以说我思想准备好了，我的决心也准备好了，我转型的欲望也很强烈。但是只有有一点可以判断企业到底有没有转型的决心，那就是老板在预算里面拨不拨钱，凡是不拨款的老板，转型的决心都不叫大。在这个方面来看，决心绝对不是拍胸脯，像我们董事长就真金白银在我们的预算里面做了三个不限制：不限制钱，不限制边，不限制所有能力优秀人才的调动，这样的转型，我们才能看作是有决心的。</p>\r\n\r\n<p>2013年，我们最初虽然也有预算，但实际上来说预算是无限制的。所以我们由一个小团队慢慢壮大，现在整个电商团队，不包括客服和物流人员，电商的运营团队成员已经超过300个，我们IT系统的工程师团队已经超过200人。这种人员方面的投入，就代表着企业在未来经济形势中的转型。</p>\r\n\r\n<p>杨莎：您说的特别接地气，大家觉得很受用，要回去找老板钱也好说话。大家日常生活中有一个行业特别至关重要，没有了它就活不了，那就是快递。想问问金总，快递行业这个在新经济形势下大概会发生什么样的变化，或者目前的现状又是什么样子的?</p>\r\n\r\n<p>金任群：我先补充第一个问题，刚才赵总激发了我的一些想法，其实快递在新经济当中最大的贡献就是改变了人们的消费习惯，刚才赵总讲，良品铺子有50%的收入增长是来自线上的。过去的消费模式都是人到场、人到店的消费模式，今天因为快递的高速发展，使得消费模式在很大程度出现了改变，变成了货到人的模式，而且这个新消费的规模在不断增长。今天整个社会零售的增长率8%到9%之间，线上零售的增速在6%到28%之间。显而易见，整个零售的增量市场是被线上零售吃掉的，快递在这里面做了非常大的贡献。我可以跟大家讲一个公开的小秘密，大家觉得非常厉害、非常崇拜的一家美国线上零售商叫亚马逊，其实它的零售规模不及京东，规模很小，原因是美国的物流规模很小，尤其是跟我们今天的中国比很小，我们为中国新经济的发展做了大量的贡献。</p>\r\n\r\n<p>我参加这个会之前做了一个统计：今年上半年GDP的增量中有24%，也就是四分之一，跟快递有关，其中的6900亿是线上实物零售。我们增量部分的产值大概在600多亿左右，中国快递支撑的线上实物零售贡献了今年上半年GDP增量的24%。关于这一点我们觉得非常自豪，同时相信在我们这么高的增长能力下面支撑下，未来消费带动GDP的趋势还会依然保持。谢谢。</p>\r\n\r\n<p>杨莎：非常感谢，正如刚才金总所说的，快递行业给目前中国新经济带来了特别大的增长空间，也特别感谢快递行业为新经济作出的贡献。接下来我想问问家居行业的杨总，近几年喜临门在窗帘行业一直是龙头企业，在床垫这块，喜临门做了很多动作，包括智能化方面，喜临门做了许多与健康息息相关的数据收集这。能不能谈谈在新经济形势下，你们是如何赋能喜临门这样原本属于传统行业的企业的长期发展呢?</p>\r\n\r\n<p>杨刚：我们现在做的很多事情实际都基于消费者需求的考虑，即人为什么需要一个床垫。在家居行业里，很多家居企业处理的是一件家居物品跟其他物品之间的关系。但是床垫不一样，床垫这一件家居用品处理的是人一天中三分之一的时间。</p>\r\n\r\n<p>人为什么在三分之一的时间中需要床垫呢?医学专家和健康专家的论证核心是：人需要将骨骼、肌肉放松好，这两者中的关键是脊椎的放松。于是我们把这个深度研究的成果作为产品的本质，在往肌肉骨骼放松的方面去做。在这个过程中间我们发现了很多需要量化的东西。比如一个床垫，你睡一个晚上觉得睡得好睡得坏是一个定性的描述。我们想能不能进一步将这个好坏定量化呢?我们发现，晚上的翻身次数是一个很能被定量的东西。有一句成语叫辗转反侧，如果睡不好就叫辗转反侧，也就是说翻身次数很多就意味着晚上睡不好，这构成了我们定量化研究的基础，其他指标包括呼吸、心率都能构成睡眠质量的量化。</p>\r\n\r\n<p>在此基础上我们怎么进一步量化呢?现在有传感器，在这些成熟的产品再加上一个算法就可以。2014年，我们在行业里是第一家开始做这个的企业。最后发现，这不是消费者的需求。每个人睡一个晚上不是要看昨天晚上睡60分还是80分，睡60分以后第二天又不能不上班，这样的量化没有太多真正意义。睡眠质量的量化里有真正的需求也有伪的需求，于是我们又回去探索很多其他的问题，比如回到保护脊椎上面。最近这几年我们又在提让技术回归客户，比如传感器技术我们不是为了技术而做技术，而是要回到客户的本质需求上来，客户最大的痛点在于进了红星美凯龙有500张床垫在等他，不知道怎么买了，脚也走痛了，导购说辞也一样，于是我们重新再寻找产品研发的初衷。</p>\r\n\r\n<p>我们其实要研发匹配客户身材的床垫，不同身材的人要找到匹配他自己的床垫，就像不同大小的脚要找到最适合它的鞋。我们用这样的想法做产品的布局，也用这样的方法去跟消费者沟通，包括我们选择在什么样的场景跟场合跟消费者沟通这些理念。无论新经济、旧经济，我们都会根据消费者的新趋势、新发展做这些我们产品研发和营销的动作。谢谢。</p>\r\n\r\n<p>杨莎：非常感谢杨总，我能不能理解为：实体企业转型升级过程当中我们应该更多地去关注产品和我们消费者之间的交互作用，让他们产生一个共振，从而支持实体经济长远发展。这样企业才有生命力，才能不断满足我们消费者日益增长的对美好生活的需求。接下来想问一下乳业龙头企业伊利的赵总，今天的主题是新经济峰会，我们一直在讲金融，如果金融脱离实体企业，金融系统性风险便势必会存在，伊利通过金融服务模式，有没有给传统企业带来新的经济增长点，或者怎么样助力传统企业发展?</p>\r\n\r\n<p>赵昕：伊利是快销品，我们覆盖一、二、三产业，我们上游的农牧民供应商融资比较困难，民间借贷风险很高。伊利用品牌背书，跟很多金融机构进行合作，为农牧民提供融资。一些农牧民手上只有奶牛，像奶牛这样的资产是不可以做抵押的，但是伊利帮助农牧民做了共同的担保，给了他们一个抵御风险的机会。从2007年到2019年上半年，我们持续为上下游合作伙伴提供了390亿的资金支持，这样能够帮助我们上下游的伙伴在跟伊利的合作过程中抵御更多风险，更快发展。</p>\r\n\r\n<p>杨莎：非常感谢，刚才说到金融助力，势必还要讨论科技助力。我想再请教一下金总，快递行业目前面临新零售和生鲜的冲击，还有菜鸟的AI机器人，这些新企业都在异军突起。快递行业在新技术方面有没有应用一些新的东西，或者说未来怎么做新技术的布局?</p>\r\n\r\n<p>金任群：目前大家能提到的一些新技术在我们这里得到了实实在在的应用，我们可以跟大家分享一下。比如说讲到AI语音，语音技术明年年后大家可能会接触到。目前机器人跟人的交流，技术上只能做到接受呼出还不能做到接受呼入，如果有能呼出的AI机器人，那么基本上沟通是在它的控制之内，所有的问题都是由它发起主导，由你来回应，这部分的技术是可以实现的。</p>\r\n\r\n<p>现在大家不用去美国参观先进的设施了，最先进的设备和技术在中国。我们的工厂是无灯工厂和无人工厂，有全自动的分拣线。现在除了装卸两头需要人工，其他所有的计算全部由机器人设备完成。同时我们在测试一些物联网的技术，例如无人小车。大家已经看到了，我们会去做一些智能信箱，但现在有一些很大的问题，做快递其实不是快递企业的初衷，但是有很多大量的第三方企业在用暴力的去教育消费者，包括在座的诸位。有的快递员不把快递送到门上，会放到自提站柜子里，发短信给你，然后他们就窥视你们，看这个人是不是投诉。如果这个人不投诉，那么永远都会得到这个待遇，但如果你投诉，那我会送上门。这个技巧就是用户画像，大数据用不好企业就净干这些坏事。</p>\r\n\r\n<p>未来怎么做呢?今天邮箱基本废弃，但未来会做成智能信箱，机器人可以跟智能信箱交互。机器人目前还不能解决进电梯的问题，因为电梯属于公共领域，涉及公共安全的问题，所以如果出现一些问题企业的责任可能会比较大，因此机器人目前基本上还只能在平面上提供一些服务。对于5G这样的基础应用，在具体特定场景的应用其实我们看不到。无人车跟5G没有关系，所有无人车的计算都在本地发生。我们前面发布过一个无人车的测试报告，实测无人车在马路上任意地点、路况的行驶。如果你们看了这段视频会发现它稍显迟钝一点，相比于正常人的反应，启动会慢一点，然后刹车会急一点，这是因为在现有的状况下，冗余度保持更大，这是出于安全考虑。</p>\r\n\r\n<p>未来有机会我们也会经常请一些金融机构到我们企业来看看。今天，各项新的技术技能在我们这个行业的应用，都可以看到一个实际的效果。</p>\r\n\r\n<p>杨莎：非常感谢，我特别期待不久的将来可以不用再从快递柜里面取我的快递。刚才伊利赵总说到金融赋能实体企业，金总谈到中通值得骄傲的新技术。接下来我想谈谈新零售的翘楚良品铺子，赵总能不能跟大家分享一下，在新零售领域良品铺子怎么发力的?</p>\r\n\r\n<p>赵刚：首先要感谢中国的基础设施建设，能够满足我们在应用场景的需求，包括中通快递，没有快递我们也无法在线上快速发展。对于新零售，每个企业都有他的理解，对我们来说是两个，第一是怎么提高效率，第二是如何使顾客更深度的体验。我们认为零售业，不管新零售还是别的名词称呼，这两点都非常重要。</p>\r\n\r\n<p>我举两个例子，企业如何加强效率呢?去年双十一，从12点开始，我们的店铺瞬间进入的订单超过30万，这需要毫秒级的计算，如果技术上面无法支撑，大量的数据就会造成服务器的崩溃。服务器一崩溃，你就会发现A的订单到了B的池子里面，订单名录不一样。现在的服务器在最高峰的时候可以顶住的瞬间进入订单已经超过了100万，这就是我们所说的新技术。现在技术能够让我们快速地进行全国十多个仓库的分布，能够有效地把顾客在毫秒级进行分布。淘宝要求双十一的订单7天必须发完货，但是我们提前了2到3天，这就是一个非常大的效率提升。</p>\r\n\r\n<p>我记得去年双11我们在线上接待了差不多100万的顾客，这100万顾客意味着我们需要多少客服?按照客服极限程度来算，一个客服正常的接待能力是一天200个顾客，就算再疯狂一点，不吃不喝一天500个也就到顶了。但是有100万个顾客咨询，这个量从某个角度来说是24小时不断的。我们后来用了智能机器人，经计算当时节省了接近两千的人工客服。智能机器人已经占了我们顾客咨询量中超过90%，这就是一个很大的变化。</p>\r\n\r\n<p>现在我们来看一个很典型的成本降低和效率提高的数据。我们的客服人员编制从2017年开始一直没有增加，但是我们每年的线上咨询量都是翻番的，一直到今天。这意味着每年线上大量的顾客咨询我们是通过智能机器人完成的，替代了我的人工。如果业务翻一番，客服团队成员也要翻一番，那么会是很庞大的成本。现在200个客服一年运营的成本差不多在1300万到1500万之间，我门每年节省了很多的成本。</p>\r\n\r\n<p>第二方面是顾客体验的提升，新零售行业中大家都在说大数据。我认同上一个论坛里面大家讲的关于大数据的观点，当它没有打通应用的时候，数据无非就是无数的数字。我举一个例子，我们每年收集顾客的评价和顾客在微博上发布的各种对我们品牌和商品的评价作为数据，2018年我们的数据搜集量超过两千万。我们用这两千万数据做什么动作呢?我们进行分类和后台数据化应用的整合，我们以此为依据做商品的改善。去年我们把所有顾客对某一个商品的评价全部集中进行数据分析。然后我们改善了97个产品，这97个产品都静默上市，也就是在门店里面直接摆上去，没有做任何推广。但是它们的平均销售增幅超过140%，这意味着我从顾客的评论里面读懂了他们想要什么，并调整了我们的产品，无论是口味、包装还是规格，这就是科技对我们极大的赋能。零售分为六个场景，包括产品、服务态度等。六个场景里的大数据是中台在运行，它给我们带来的数据赋能对顾客体验的改善提供了极大的帮助。</p>\r\n\r\n<p>杨莎：感谢赵总的精彩分享，大家听的意犹未尽，由于时间原因我简单总结一下这个论坛，未来十年中，如今的经济现状可能会沧海桑田。我们可以断定，在那个时候还能称王称霸的企业一定首先要了解新经济，第二要熟悉智能数据，第三要知道网络协同的作用，最后一个要能提供金融服务。这样的企业可能才会更长远的发展，最后特别感谢在座的嘉宾，也特别感谢台下的非常认真的聆听我们的观众，谢谢。</p>','2019-10-19 15:11:11.618000',2),(7,'2019新经济峰会 | 新科技未来重塑金融新业态','福建华明元实业有限公司',2,'新经济时代，重要的发展势能来自于科技。科技浪潮下，金融业正呈现出前所未有的变革。技术改进传统金融的服务效率和水平，以5G网络为底层通信基础，人工智能、大数据、云计算、物联网以及其他新兴颠覆性技术与金融业务的深度融合，促进了金融的持续优化与创新，为金融发展提供源源不断的创新活力。','<p>新经济时代，重要的发展势能来自于科技。科技浪潮下，金融业正呈现出前所未有的变革。技术改进传统金融的服务效率和水平，以5G网络为底层通信基础，人工智能、大数据、云计算、物联网以及其他新兴颠覆性技术与金融业务的深度融合，促进了金融的持续优化与创新，为金融发展提供源源不断的创新活力。</p>\r\n\r\n<p>伴随着金融科技开启新篇，各行业的企业发展之道也将顺应创新，谋划思变。科技都为金融带来哪些新业态?金融+科技又该如何塑造最新发展格局?</p>\r\n\r\n<p>10月17日，由上海报业集团指导，蓝鲸财经主办，界面新闻、财联社、摩尔金融协办的&ldquo;新作为激发新动能&rdquo;2019年蓝鲸新经济峰会于上海举办。</p>\r\n\r\n<p>在主题为&ldquo;新科技未来如何重塑金融业态&rdquo;的圆桌论坛环节，易宝支付高级副总裁曲冰、富途证券CFO 陈宇、借贷宝副总裁曾军、蚂蚁金服数字金融智能投研负责人寄寒、马上消费金融首席数据决策科学家董骝焕共话科技浪潮下，金融的机遇、挑战等热点话题，向与会者分享自己对新科技、新金融发展趋势的展望。</p>\r\n\r\n<p>在谈到人工智能的应用场景时，寄寒表示，蚂蚁金服在做国际化，我们整个平台面向用户的体量是以数十亿计，这不可能靠传统人工方式去统计。但AI可以通过数据通过算法来发掘这群人或者这个行业的个体是不是有不同的需求。</p>\r\n\r\n<p>对于AI在金融领域快但不够智能的观点，寄寒表示，快只是智能的形式，不是智能的全部。金融领域做所谓的智能投研，可能只是把过去很多做传统量化的一些线性模型逐渐变成非线性模型，原来输出的因子当做模型的特征扔到学习网络中去，让它自己分类。在这个过程中整个业界才能积累足够多的数据。</p>\r\n\r\n<p>目前人工智能还是处在弱人工智能的方向和阶段。但是随着更多人的投入以及应用的使用场景有效的工业化场景越来越多，研究会越来越深入。在这样的环境下才可能真正的往大家期望的智能方向去。</p>\r\n\r\n<p>陈宇表示，我们所在的行业积累的数量并不多，大数据的分析最大的基础是需要有多维度数据的积累。富途证券希望通过用户在平台上停留的行为，能够为我们产生更多的数据，从而为公司长期在数据货币化方面积累相应的经验。</p>\r\n\r\n<p>在谈到金融赋能科技时，董骝焕表示，在整个申请端各个应用点，都可以用大数据去做，用模型做。所谓的赋能是指除了自己用以外，推广到整个行业。我们也可以跟某些银行合作，帮助他们从线下的展业往线上展业牵引。我们也可以跟互联网平台合作，可能没有金融的背景或者经验，我们可以帮助他搭建基于他的生态里边怎么样做一些信贷、金融方面的案例。这种情况下我们可以实现从我们角度来说上下游生态圈能力的输出和赋能。</p>\r\n\r\n<p>在谈到用户隐私的问题时，曾军表示，现在很多老百姓被过渡采集吓到了。很多协议看起来很可怕，实际上没那么可怕。一般正常的情况都会按照自己的要求。我们要相信通过自由竞争，通过行业协会以及一些适当的监管，企业会约束自己的行为，因为采集数据是有成本的，而且数据的边际效应是下降的。</p>\r\n\r\n<p>谈到区块链应用时，曲冰表示，区块链在我看来一定要有底线思维，既要有底线思维，同时也要有风险意识。区块链确实有着其他技术没办法替代的强项。但是我们也知道任何技术的发展既给大家带来便利同时，也带来风险。</p>\r\n\r\n<p>所以我认为越是特别敏感的领域，或者是高风险的领域，在应用这个技术的时候越需要场景加底线结合起来。或者我们用一个通俗的语言说越需要去慎重使用。</p>\r\n\r\n<p><img src=\"http://res0.dyhjw.com/Uploads/cj/2019-10-19/220526_5da9c6a629ae9.png\" /></p>\r\n\r\n<p>以下为演讲全文：</p>\r\n\r\n<p>黄希：大家下午好!伴随着科学技术不断迭代更新，以人工智能、区块链、大数据为代表的新兴技术已经在金融领域得到了方方面面的应用。未来新科技又将如何变革金融业态，这场圆桌围绕着金融科技的方方面面展开讨论。</p>\r\n\r\n<p>现象我们从第一个话题开始，我们都说金融是人工智能最好的实验场，想问一下寄寒和陈宇总，在各自的领域人工智能作出了怎样的突出贡献?</p>\r\n\r\n<p>寄寒：大家好!蚂蚁金服可能是面向客户最多的品牌，阿里巴巴和蚂蚁金服都有&ldquo;客户第一，员工第二，股东第三&rdquo;的价值观。所以对我们来讲搞清楚我们的客户，我们平台上用户的需求是我们最重要的使命。蚂蚁金服在做国际化，我们整个平台面向用户的体量是以数十亿计，怎么样搞清楚用户真正的需求呢?肯定不可能靠过去传统人工的方式或者以统计的方式。</p>\r\n\r\n<p>在这个时候就要通过能够有足够的算力，有足够的数据积累，通过AI的算法来搞清楚我们平台上的用户到底需要什么。比如说我们现在在海外有非常成熟的一种基金形式叫目标基金，是一种养老基金的主要形式。在国外这个东西的核心理念是我按照他的一生生命周期划分，不同的时段可能有求学的需求，可能有买房、买车的需求，可能有养育子女的需求和养老的需求。不同时段资产配置需求是不一样的。</p>\r\n\r\n<p>过去在海外大部分的公司是通过对某一个阶层或者某一个社会群体去做调研得出了一个统计性的结论。对于国内城市之间人口的数量，从事的职业、收入水平、差异会变得非常的大。所以通过统计来做这件事情是非常困难的。其实现在也没有机构或者政府机关来做这个事情。所以想要服务他们其实是非常困难的。</p>\r\n\r\n<p>对于有了AI来讲，我们可以通过平台上用户的行为去发掘正处在他的人生什么阶段，他现在需要我们给他配置什么样的理财产品，他的风险预期收益是什么样的，能承受多大的风险。因为我们有AI持续采集数据的能力，所以我们不是一次性把资产收入给他就结束了，我们会持续的陪伴他在持有资产过程中可能有的一些情绪，可能有的更多需求的变化，可以通过数据，通过算法来发掘这群人或者这个行业的个体是不是有不同的需求。</p>\r\n\r\n<p>这就是AI给我们的。在传统通过人工，通过统计的方式是完全不可想象的。</p>\r\n\r\n<p>陈宇：我们富途证券做的香港个人客户在海外市场的投资，目前富途证券服务了超过600个的用户。我们所有给客户提供的服务全部是由线上完成的。科技是我们的核心竞争力，我们现在公司大概700多个员工，接近70%的员工是从事研发跟产品相关的工作。</p>\r\n\r\n<p>关于刚才主持人提到新的技术应用我想特别提一些云技术方面的应用。我们其实也是腾讯金融云的第一个外部客户，我们所有的系统是一个非IOE分布式架构系统，整个系统是基于云的架构。有什么样的好处?我们整个业务边际成本拓展会非常小，目前已经运用了几千台虚拟主机。但是这些虚拟主机全都是基于腾讯跟我们合作的金融专属云的架构。真正负责管理的几千台主机的同事大概只有5个人。</p>\r\n\r\n<p>云的架构是专属云的架构，从物理上也做了很好的隔离。大家都知道我们做的业务跟金钱非常有关系，用户对于资金的流进、流出，包括个人的数据也非常的关注。所以数据的安全性跟系统的稳定性云技术给我们这两方面的支持非常大。</p>\r\n\r\n<p>黄希：针对AI在金融领域的应用也有质疑的声音，有些人认为AI在金融领域的应用仅仅只是实现了算的快，也没有到达智能的程度，两位怎么看这样的观点?</p>\r\n\r\n<p>寄寒：首先是这样的感觉，快只是智能的形式，不是智能的全部。我们现在谈到很多机器学习和人工智能算法。直到过去十年左右的时间才大量的在企业和工业被使用。为什么这么多年都没有实际的应用大量的涌现出来?主要的原因一是没有足够的数据积累，另外一个原因就是算得不够快。直到近十年因为硬件、网络以及数据的积累达到了这个程度之后，这些算法才可以发挥它的用武之地。</p>\r\n\r\n<p>我觉得AI目前只是算得快，只是一个表象，当它能够以高效的方式被工业界被使用的时候才会有更多的人投入到这个领域，去研究和应用它。所以算得快是一个基础，当然算得快不是最终的目标。比如说在金融领域做所谓的智能投研，可能只是把过去很多做传统量化的一些线性模型逐渐变成非线性模型，原来输出的因子当做模型的特征扔到学习网络中去，让它自己分类。</p>\r\n\r\n<p>在这个过程中整个业界才能积累足够多的数据。为什么我们现在感觉到很多复杂模型应用的结果不是那么尽如人意?很大的一个原因是尝试的不够多和数据积累的不够多。所以我觉得我们要认识到现在人工智能还是处在弱人工智能的方向和阶段。但是随着更多人的投入以及应用的使用场景有效的工业化场景越来越多，研究会越来越深入。在这样的环境下才可能真正的往大家期望的智能方向去。</p>\r\n\r\n<p>陈宇：我非常同意寄总的方法，从我们所在的行业积累的数量并不多。大数据的分析最大的基础是需要有多维度数据的积累。富途证券除了客户的概念，我们也有一个用户的概念，希望通过用户在平台上停留的行为，能够为我们产生更多的数据，从而为公司长期在数据货币化方面积累相应的经验。</p>\r\n\r\n<p>黄希：我想问一下首席数据决策科学家董骝焕先生，您怎么看大数据在过程中到底怎么应用的?</p>\r\n\r\n<p>董骝焕：我只能介绍一下大数据在消费金融和线上的消费。我先介绍一些简单的背景，我看刚才都是证券行业的，消费金融或者小额信贷行业略微不太一样，主要是作为线上短周期的放款。消费金融日申请件在30&mdash;40万/天，如果这种量级下面人是看不过来的。就需要有人工智能或者大数据结合起来做。最简单的一点做核审，你的本人是不是代表了你的真实意愿。从这点上大数据和人工智能都在里边，比如说我做人脸识别，做活体，确保这是本人的意愿。</p>\r\n\r\n<p>同时也比对他在公安，在政府机构里边公开的数据驱做比对，看看有没有负面记录。这就是比较典型的前端的应用，这样的话可以实现小额信贷产品的时候自动化、智能化的识别一些不符合准入要求的客群。还没有到后面授信阶段，互联网是没有区域的，没有线索的，所以可以在国外发起申请。我们会通过定位识别是否境外，如果是境外的就要去掉。</p>\r\n\r\n<p>前期信贷申请最早阶段，这个人是不是本人，过了这个以后才能往后做这个人的风险、资质、信用评分、还款的意愿。再往下这些客户进来了可能有客服投诉，有些问题要问，这个时候就要来判断可能会问什么问题。比如说快到还款期了，百分之七八十都会问该怎么还钱。通过呼入者类似于千人千面的识别，同时配比合适的话术，听懂他的话然后再回馈过来相应的话术，再月自动机器人跟他交流，90%的客服就能通过大数据做掉了。</p>\r\n\r\n<p>整个流程，甚至后期资产的ABS，要选资产。现在大家都推行资产渗透，消费金融里边ABS都是非常穿透的。几个亿借款里边怎么挑一百多万，这就是问题，也可以用优化解决，也可以用人工智能解决。人工智能怎么解决?就是不断地模拟财务人员怎么挑的，挑了几次之后模型我就学会了。只要是有数据的地方，想逼近某种最优化的结果或者模拟人的功能都可以用，场景非常多。</p>\r\n\r\n<p>刚才说大数据应用在哪里?这些都可以讲。</p>\r\n\r\n<p>黄希：大数据在赋能金融科技创新方面能做什么呢?</p>\r\n\r\n<p>董骝焕：刚才讲的我在整个申请端各个应用点，都可以用大数据驱做，用模型做。所谓的赋能是指除了自己用以外，我们也想推广到整个行业，我们的上下游。我们也可以跟某些银行合作，帮助他们从线下的展业往线上展业牵引。我们也可以跟互联网平台合作，可能没有金融的背景或者经验，我们可以帮助他搭建基于他的生态里边怎么样做一些信贷、金融方面的案例。</p>\r\n\r\n<p>这种情况下我们可以实现从我们角度来说上下游生态圈能力的输出和赋能。</p>\r\n\r\n<p>黄希：我们一开始讲大数据的时候讲得比较多的是数据架构、数据挖掘关于数据本身的问题。但是现在大数据越来越多的被人们从数据安全性和隐私方面结合在一起。我想问一下能不能跟我们简单聊一聊如何平衡保护用户隐私性和使用效能方面找一个平衡点?</p>\r\n\r\n<p>曾军：我们是做金融科技的。在整个过程里边我们发现大数据征信这个词很火，我们发现大数据征信是一个伪概念。我们的理念是能少采集用户数据就尽量少采集。数据采集很少的时候怎么样平衡业务呢?我跟大家说一个小的段子，这个公司对大数据或者人工智能技术有一点点怀疑，我们公司也有自己的人脸识别技术，员工上下班也会刷脸。前年的时候我们发现有一个同事上班时间非常长，我们就问他的直接领导，他说他和他老婆正在离婚。我们通过人工智能可能不是最清楚的。</p>\r\n\r\n<p>一个企业向自己的员工发起一个借贷不需要太多数据，平台不用采集很多的数据，就不用担心数据外流的情况。我五姨40多岁，没有车，没有房，没有公积金，她要开一家旅馆，需要开几十万的资金，大数据没有办法征信。所有人都知道她在亲戚朋友的圈子里边口碑很好，同时有我的背书，她很快就借到了钱了。</p>\r\n\r\n<p>这种情况下不需要大数据，人工智能就是用来识别这个人是本人。因为一件事情特别复杂，判断一个人的信用，或者容错率特别低，我给你推荐十件商品你喜欢五件，但是你发出去就坏账不得了。我们判断那些特别复杂，而且特别容易错的事情不要交给人工智能和大数据，最好交给人来做这样更靠谱一些。</p>\r\n\r\n<p>陈宇：我们做的业务是处于高度监管的业务，对于数据的应用监管方面已经有很多的限制。因为团队来自于腾讯，本身对于客户数据的安全性和敏感性有很高的准则。无论是我刚才讲的从本身的基础架构的设置，包括内部职责的分离，我们都做了非常多的分割。</p>\r\n\r\n<p>曲冰：易宝支付是一个ToB的第三方支付公司，ToB公司最强的是技术、数据量和解决方案。大数据在这样的体系，这样的产业当中安全性是特别重要的，对于ToB的支付公司是非常重要的一环。所以易宝支付对数据的安全是非常在意的，而且有着严格的措施。</p>\r\n\r\n<p>现在每个人都在关注隐私，每个人都在谈大数据，个体不谈大数据，企业不谈大数据，似乎就已经落伍了。但是某些公司确实严重存在着过分采集数据的行为，让消费者有一种不安全感，认为隐私得不到保护。</p>\r\n\r\n<p>网络安全法立法以来，大家个体的安全意识和企业的意识都已经增强了，但是增强不一定做得到位，不一定做得好。特别是涉及到互联网公司，涉及到互联网金融公司，我们认为数据安全是第一位的。因为我们不管用什么样的技术，用AI也好，用任何一种技术提高产能的时候都记得企业发展之根本是什么。所以在这方面易宝支付同整个行业共同为数据安全和数据采集安全做着更多的努力。</p>\r\n\r\n<p>黄希：刚刚嘉宾们都谈到了关于数据采集的问题。我想问一下曾军总，就您的观察跟我们聊聊现在针对数据使用这方面还有没有一些行业规范和制度安排上值得改进的地方?</p>\r\n\r\n<p>曾军：您提的问题给我的感觉不太一样。现在很多老百姓过渡采集，感觉被吓到了。我们可以回到一个场景，对于所有的公司来讲知情同意没问题，你起草这个协议概括起来就两句话，我要采集你的一切数据，我要随便使用。只有这样的协议才能保证后来的业务发生变化的时候协议不会导致违约。很多协议看起来很可怕，有一次我妹妹在开阑尾炎手术的时候签知情同意书一样，实际上没那么可怕。一般正常的情况都会按照自己的要求。</p>\r\n\r\n<p>我们要相信通过自由竞争，通过行业协会以及一些适当的监管，企业会约束自己的行为，因为采集数据是有成本的，而且数据的边际效应是下降的。</p>\r\n\r\n<p>黄希：我们刚刚讲过了大数据，现在聊聊区块链，我们知道蚂蚁金服和马上消费都在探索如何用区块链使得金融变得便捷性。寄寒跟我们谈谈这方面吧。</p>\r\n\r\n<p>寄寒：大家都知道国内奶粉安全的问题在2017年的时候天猫进口奶粉都从货源地一直到你的手上，运输、仓储、罐装，包括消费者打开罐子之前可以验证这罐奶粉上的信息。一旦验证了，验证的行为就变成区块上的块了。就不会存在现在市场上有回收奶粉罐重新罐装假奶粉的情况。</p>\r\n\r\n<p>整个区块链最重要的作用是像一部信用的机器。比如说蚂蚁很多区块链的应用都是为了解决原先产业链中信任的问题。最近我们也开了第一张区块链发票，还有一些公诉证据数字化的东西。这是它不可篡改性、安全性来提供的。</p>\r\n\r\n<p>它的很好应用场景，比如说蚂蚁金服现在有一些国际化的战略，会去一些不发达的地区，金融系统还停留在纸面上，没有电子系统这样的区域。你要从头搭建电子化系统是非常困难的，要保证一个金融交易系统安全的程度，要投入非常多的成本。但是如果用区块链的方式解决这个事情，技术本身保证了数据不可篡改的话。虽然当地的金融系统没有数据化，手机的普及率是非常高的。每个手机都可以区块链作为认证的结点，每一家机构都可以变成这样的结点，安全性就保证了。不需要像以前建设非常复杂的数据权限，因为一旦上链之后完全不需要权限控制，就可以保证我的数据不会被任何人篡改。</p>\r\n\r\n<p>同时这个区块链还提供了非常现成链路的连接方式，你要这些没有电子化系统的区域去开展，过去要网线，要拉高速的网络。在过去做跨境转帐，中间发出的机构，银行，中间行、收款行，再到目标转帐帐户过程中有非常多的环节。过去是串行处理的，前一家银行没处理好，后面一家银行就没办法做任何事情。跨境的汇款会很慢，行业里边各种各样的业务效率都会被整个支付的环节给拖住。如果通过区块链的方式，我用区块链的连接能力，在中间所有环节，比如说中间行、收款行同时去做见证区块链，很短的时间整个链路上的结点都认可了。这会大大地提高整个金融和支付系统的效率。</p>\r\n\r\n<p>所以蚂蚁金服最近的一些尝试都是在这方面的尝试。</p>\r\n\r\n<p>黄希：谢谢。因为支付一直被认为是区块链应用很好的场景，曲冰总能不能跟我们分享一下您的观点?</p>\r\n\r\n<p>曲冰：一说区块链是挺令人期待，同时也挺敏感的话题。区块链在我看来一定要有一个底线思维，既要有底线思维，同时也要有一些风险意识。区块链确实有着其他技术没办法替代的超强之处。但是我们也知道任何技术的发展既给大家带来便利同时，也带来风险。我相信这种不确定性带来的风险大家都是非常在意的。</p>\r\n\r\n<p>所以我认为越是特别敏感的领域，或者是高风险的领域，在应用这个技术的时候越需要场景加底线结合起来。或者我们用一个通俗的语言说越需要去慎重使用。</p>\r\n\r\n<p>区块链加公益应该是一个很好的尝试或者创新。我们每个人在做公益的时候对捐赠人和受捐人的不对称等信息不透明化的担忧都可以用区块链技术解决。所以这个尝试我们认为是非常有前景的。易宝公益是易宝支付旗下的互联网公益平台，我们也期待能在一些适合的领域做一些尝试和探索。我们认为这些尝试很值得。</p>\r\n\r\n<p>黄希：您刚才一开始说区块链会有点敏感，我们今天只谈技术本身。下面一个话题跟5G相关，现在大家都在说5G时代已经触手可及，5G越来越成为科技圈的热评词汇。未来5G时代和金融会摩擦出怎样的火花?</p>\r\n\r\n<p>董骝焕：我们对5G的理解比较浅，因为我还没用过。目前看起来目前感觉上在自己的业内应用的点。之前跟隐私保护有一点点关系，我们在内部也在研发一些边缘计算。原理是非常简单的，就是把我本来要集中数据采集到自己的各种模型里边。这个过程中有两点：第一点手机计算能力要跟得上;第二点通讯要快，有可能我算完有些交互。目前3G、4G通讯间的交互慢了一点，如果是5G，未来边缘计算的步数会加快很多，甚至我们可以做边缘训练，把每一部手机当成训练的结点，训练一些神经网络。</p>\r\n\r\n<p>前期我们可以把一些模型布到这个设备上去，这个情况下5G非常快速的响应肯定是对这个技术推广的很好点。随着它出来我们会有更多的东西。</p>\r\n\r\n<p>曲冰：5G对于支付来讲是更期待的技术。如果5G技术真的落地了，无感支付将会加速到来，能够更快速地完成整个支付流程，我相信所有人都会非常期待。但是我觉得越是无感支付，越是这样快速的支付，在大家心里就更有一点点害怕，万一有技术和安全上的风险出现怎么解决。</p>\r\n\r\n<p>所以我们又回归本源，技术的发展一定要安全的配套。在5G到来的时候，整个的安全体系配套、技术的配套以及法律的配套一定是不能缺位的。特别是未来5G对传统产业、制造业其实是一个重大的改变，也给ToB第三方支付公司更广的前景和畅想空间。</p>\r\n\r\n<p>我相信不管是在支付行业还是在传统行业，5G的到来都会有一个完全颠覆式的创新。因为我们已经体会到从3G到4G的变化，相信5G的变化会给大家带来更大的不同感和颠覆感。</p>\r\n\r\n<p>黄希：事实上这两年除了金融科技公司之外，很多传统金融机构也喊出了科技化、数字化、智能化的口号。我想问一下寄寒和曾军总如何看待这个问题?</p>\r\n\r\n<p>寄寒：我们非常的希望看到跟我们合作的机构、券商、基金公司、投资资产管理公司能够享受到或者利用到这些新的技术和这些另类数据所带来的收益。因为只有他们把他们的基金收益做好，他们的风险控制做好，我们在给这个用户推荐这些理财产品的时候，我们会有双赢的局面出现。</p>\r\n\r\n<p>其实蚂蚁金服最早还是支付宝的时代，我们发现在支付方面性能的瓶颈，我们带动整个银行业支付系统行业的升级。蚂蚁金服一直想把自己的能力输出出去。我们最近有一些新闻，比如说蚂蚁金融数据库很多银行也在投入使用。包括AH各数据，我想从蚂蚁金服的角度来讲更会以平台和能力输出角色，帮助整个行业进入利用这些技术的时代。</p>\r\n\r\n<p>曾军：我们在合作过程中他们思想很新的，有很强的动力和经营变革，很多时候内部的经营机制和流程干扰他们的创新。主要不是技术的问题，需要内部管理和流程的创新。因为每个人，每个机构都是被潮流推着走的，我们也能看到步伐其实是越来越快的，对此我是非常乐观的。</p>\r\n\r\n<p>黄希：陈宇总您觉得对于互联网公司而言哪些应用技术方面是比较有优势的?</p>\r\n\r\n<p>陈宇：所谓金融创新最终希望达到的目的是推进整个社会金融服务的扩大化、民主跟和人性化。基于这样的一个目的，目前主要以ToC的业务为主。从金融科技的角度来看整个行业货币化都是比较容易的，这个跟其他互联网的模式不太一样，因为金融科技商业模式离钱很近，所以货币化变现能力很强。关键是客户群的规模，还有是不是一个非常高频的运用场景。</p>\r\n\r\n<p>当时我们是从个人股票经济的业务去切入的。因为我们觉得这个角度是一个门槛比较低的，同时是一个高频的活动。在这样一个基础上是可以建立一个比较大的用户群的，从而令很多科技提升，无论是公司内部的管理效率，或者是外部客户服务效率、用户体验都有最大化的帮助。</p>\r\n\r\n<p>黄希：谢谢。最后我用一句很正能量，也很简单的话总结一下5位嘉宾的发言，道路是曲折的，前是光明的，我们要对未来充满希望。</p>','2019-10-19 15:13:08.089000',2),(8,'炒黄金如何巧用支撑位?','福建华明元实业有限公司',1,'黄金价格在下跌到某一低点后(或者趋势延续的每个低点)开始反弹，则在该价位附近有支撑，这些低点之间的连线称为支撑线。炒黄金投资如何巧用支撑位?黄金投资在利用支撑位进行分析时应注意什么?','<p>黄金价格在下跌到某一低点后(或者趋势延续的每个低点)开始反弹，则在该价位附近有支撑，这些低点之间的连线称为支撑线。炒黄金投资如何巧用支撑位?黄金投资在利用支撑位进行分析时应注意什么?</p>\r\n\r\n<p>(1)上升趋势里，回调过程中，K线之阴线较先前所出现之阳线为弱，尤具接近支撑价位时，成交量萎缩，而后阳线迅速吃掉阴线，金价再上升，这是有效的支撑。</p>\r\n\r\n<p>(2)上升趋势里，回调过程中，K线频频出现阴线，空头势力增加，即使在支撑线附近略作反弹，接手乏力，金价终将跌破支撑线，称为行情反转。</p>\r\n\r\n<p>(3)在支撑线附近形成盘整，经过一段时间整理，出现长阳线，支撑线自然有效。</p>\r\n\r\n<p>(4)在支撑线附近形成盘整，经过整理却出现。一根长阴线滑坡支撑线，投资者为减少损失，争相出逃，金价将继续下跌一段。</p>\r\n\r\n<p>(5)国际金价由上向下跌破支撑线，说明行情将由上升趋势转换为下降趋势。一般地说，在上升大趋势中，出现中级下降趋势，如若行情跌破中级下降趋势的支撑线，则说明上升大趋势已结束;在中级上升趋势中，出现次级下降趋势，如若行情跌破次级下降趋势的支撑线，则说明中级上升趋势已结束，金价将依原下降大趋势继续下行。</p>\r\n\r\n<p>(6)金价由上向下接触支撑线，但未能到或刚触及支撑位就调头回升，若有大成交量配合，则当再出现下降调整时，即可进货，以获取反弹利润。</p>\r\n\r\n<p>(7)黄金的价格由上向下跌破支撑线，一旦有大成交量配合，即说明另一段跌势形成，稍有回档即应出货，避免更大损失。</p>\r\n\r\n<p>(8)金价由上向下接触支撑线，虽未曾跌破，但也无成交量配合，则预示无反弹可能，应尽早出货离</p>','2019-10-19 15:14:29.252000',3),(9,'如何降低炒黄金手续费?','福建华明元实业有限公司',1,'所谓炒黄金，主要有实物金，纸黄金，黄金现货3种，其中只有实物金可以兑现金条，但收益比股票小很多，电子软件上交易操作比较常见。炒黄金，除了如何正确判断黄金价格走势之外，还要适当的降低投资成本，大家都知道，黄金交易都会被收取一定的手续费，那么如何降低手续费呢?','<p>所谓炒黄金，主要有实物金，纸黄金，黄金现货3种，其中只有实物金可以兑现金条，但收益比股票小很多，电子软件上交易操作比较常见。炒黄金，除了如何正确判断黄金价格走势之外，还要适当的降低投资成本，大家都知道，黄金交易都会被收取一定的手续费，那么如何降低手续费呢?</p>\r\n\r\n<h3>1.选择最合适的机构</h3>\r\n\r\n<p>不同的银行炒黄金手续费率是完全不同的，也就是说对于交易机构的不同选，会直接导致你的手续费用不同。所以，在进行投资之前，了解各个银行的相关手续费是多少，之后选择比较低的那一家就可以有效的降低手续费。但是值得注意的事各个银行的保证金都是相同的，不会有很大的差别，都是百分之十五。</p>\r\n\r\n<h3>2.抓取最有利于的时段</h3>\r\n\r\n<p>通常情况下，黄金交易的手续费都是通过银行收取的不同的。银行为了能够争取到更多的客户创造更多的利益，往往会像是商家做活动一样，在特定的时间段开始将手续费做一些下调，作为机智的投资者就要抓住这样的时间，选择在手续费下调的时期进行大幅度的交易，这样可以在更低的成本中获取更多的利益。</p>\r\n\r\n<p>这样的特定时间段不同的银行可能不同，投资者可以向银行的一些内部人员进行一些相关的了解。但一定要在消息准确的时候在进行相关的频繁交易。</p>\r\n\r\n<h3>3.选择风险最低的投资渠道</h3>\r\n\r\n<p>黄金投资的手续费对于利润的影响有多大可能投资者们都已经认识到了，这样的高成本，作为投资者如果只是选择简单的接受是很难盈利的，投资者们可以选择相对较低的黄金投资渠道降低自己的交易成本。</p>','2019-10-19 15:17:47.709000',3),(10,'中美贸易传佳音！黄金冲高回落，跌势重启？','福建华明元实业有限公司',2,'近日，中美贸易谈判新一轮的磋商，又要开始了。而由全球贸易紧张局势，导致的黄金避险，渐渐又失去了热情，黄金的涨势没有了追捧，跌势是否能再次回归呢?\r\n\r\n尤其是非农之后的黄金，未来又将如何演绎呢?是日线重新开启跌势，还是周线重启开始涨势呢?','<p>近日，中美贸易谈判新一轮的磋商，又要开始了。而由全球贸易紧张局势，导致的黄金避险，渐渐又失去了热情，黄金的涨势没有了追捧，跌势是否能再次回归呢?</p>\r\n\r\n<p>尤其是非农之后的黄金，未来又将如何演绎呢?是日线重新开启跌势，还是周线重启开始涨势呢?</p>\r\n\r\n<h2>中美贸易再磋商，黄金失去避险，重回弱势？</h2>\r\n\r\n<p>10月8日，据中国商务部网站公布的消息显示：应美方邀请，中共中央政治局委员、国务院副总理、中美全面经济对话中方牵头人刘鹤将率团访问华盛顿。</p>\r\n\r\n<p>将于10月10日至11日同美国贸易代表莱特希泽、财政部长姆努钦举行新一轮中美经贸高级别磋商。</p>\r\n\r\n<p>此前的9月26日，据据美国财经媒体CNBC报道称，中美高层级贸易谈判将于10月10日登场，期限为期两天。</p>\r\n\r\n<p>CNBC引述多位消息人士表示，两国高层级贸易谈判计划在10月10日与11日两日恢复，中方牵头人刘鹤将率团至华盛顿，与美国贸易代表莱特希泽与美财长姆努钦会面磋商。</p>\r\n\r\n<p>自2018年初以来，全球贸易局势的恶化，冲击了多数经济体，引发了全球避险资金涌入了黄金等避险资产。</p>\r\n\r\n<p>而此次，中美之间传出和谈的消息后，黄金再次冲高回落，日线趋势重新回归弱势。</p>\r\n\r\n<h2>行情展望：</h2>\r\n\r\n<p>昨天周一，黄金跳空高开在1513附近，但没突破周五晚间的非农高点1515，随后高位跳水。</p>\r\n\r\n<p>午后于1507-08再次开启跌势，晚间美盘触及上周五非农低点1496。随后的反弹，还是未能突破前期起跌点1503的压制，直接再次跌破1496，最低触及1488附近。今日早间，黄金自1494附近，延续弱势，直接下跌至昨晚低点1488附近。</p>\r\n\r\n<p>因此，今日行情之关键，就在于早间的反弹，能否突破1494的压制。若能突破，则今天的行情就要做多为主，否则若在欧盘前，一直压制在此之下，则黄金弱势不改，还要做空为主。</p>\r\n\r\n<p>而黄金TD，经过了国庆长达几天的修正，开盘之后，还处于341&mdash;&mdash;346的区间震荡之中，趋势并不明显，尚需观察，建议耐心等待。</p>','2019-10-19 15:20:07.488000',4),(11,'美联储鹰派声音渐强，黄金高位跳水20美金，还要跌？','福建华明元实业有限公司',3,'周五，黄金探底回升!无论是黄金，还是国内的黄金TD，始终未能跌破日线前期支撑1483、341。\r\n\r\n对于黄金来说，在基本面上，美元始终是一个重要的基本因素。本周，美联储多位官员陆续登场，对黄金市场造成了极大波','<p>周五，黄金探底回升!无论是黄金，还是国内的黄金TD，始终未能跌破日线前期支撑1483、341。</p>\r\n\r\n<p>对于黄金来说，在基本面上，美元始终是一个重要的基本因素。本周，美联储多位官员陆续登场，对黄金市场造成了极大波动。</p>\r\n\r\n<h2>美联储官员鹰派声音渐强，黄金最终探底回升</h2>\r\n\r\n<p>美联储官员本周密集讲话，围绕美国经济及美联储政策而展开。虽然仍不乏鸽派声音，但鹰派措辞占据了主导，引领了市场行情。</p>\r\n\r\n<p>9月25日，2019年FOMC票委、芝加哥联储主席埃文斯表示：美国经济相当稳健，失业率仍处于低位，美国前景仍然相当好，全球经济增速正在放缓。</p>\r\n\r\n<p>薪资处于一个很好的增长道路，预计美国经济增速将在2~2.5%之间，美联储在利率设置方面处于&ldquo;有利位置&rdquo;，个人的利率预测不包括再次降息。</p>\r\n\r\n<p>9月26日，美联储副主席克拉里达称，通胀预期与物价稳定相符，通胀率接近美联储2%的目标，失业率或低于或等于4%。因此，他认为，当前没有迫切需要进一步降息以推高通胀。</p>\r\n\r\n<p>受其数据影响，黄金受压，周五欧美盘持续走弱。午盘前从1507受阻开始暴跌，最终跌至1486一线，接近20美金。</p>\r\n\r\n<h2>行情展望：</h2>\r\n\r\n<p>下周走势，又当如何呢?从大周期看，周线尽管有回调，但多头结构尚未破位，日线前低也未跌破，暂时空头受阻。在1483失守之前，请不要对空头寄予过高期望。这里的得失，必须高度警惕。</p>\r\n\r\n<p>短线来看，黄金周末尾盘有所反弹，但并未突破周五的起跌点1507，更不要说上面的阻力1512了。因此，短线的黄金走势也并非已转强势。</p>\r\n\r\n<p>但却突破并站稳了周五美盘的起跌点1497，说明黄金由弱势下跌，已转为了震荡偏强。</p>\r\n\r\n<p>下周的走势，咱们不做过多预测，但可以明确的说，下周初，黄金大概率首先震荡上行。上面的压力依次是1503-1507-1512。</p>\r\n\r\n<p>对于黄金TD而言，亦是如此。周五同步大跌，于347附近下跌了6元，至日线前低341附近。但要注意，341不破，空头下行的空间有限。</p>','2019-10-19 15:21:28.019000',4);
/*!40000 ALTER TABLE `tb_gold` ENABLE KEYS */;
UNLOCK TABLES;

--
-- Table structure for table `tb_gold_type`
--

DROP TABLE IF EXISTS `tb_gold_type`;
/*!40101 SET @saved_cs_client     = @@character_set_client */;
/*!50503 SET character_set_client = utf8mb4 */;
CREATE TABLE `tb_gold_type` (
  `id` int(11) NOT NULL AUTO_INCREMENT,
  `gold_type` varchar(20) COLLATE utf8mb4_unicode_ci NOT NULL,
  `created_time` datetime(6) NOT NULL,
  PRIMARY KEY (`id`)
) ENGINE=InnoDB AUTO_INCREMENT=5 DEFAULT CHARSET=utf8mb4 COLLATE=utf8mb4_unicode_ci;
/*!40101 SET character_set_client = @saved_cs_client */;

--
-- Dumping data for table `tb_gold_type`
--

LOCK TABLES `tb_gold_type` WRITE;
/*!40000 ALTER TABLE `tb_gold_type` DISABLE KEYS */;
INSERT INTO `tb_gold_type` VALUES (1,'黄金TD资讯','2019-10-19 10:32:54.437000'),(2,'黄金投资','2019-10-19 10:33:00.312000'),(3,'机构观点','2019-10-19 10:33:06.461000'),(4,'机构分析','2019-10-19 10:33:12.997000');
/*!40000 ALTER TABLE `tb_gold_type` ENABLE KEYS */;
UNLOCK TABLES;

--
-- Table structure for table `tb_headline_news`
--

DROP TABLE IF EXISTS `tb_headline_news`;
/*!40101 SET @saved_cs_client     = @@character_set_client */;
/*!50503 SET character_set_client = utf8mb4 */;
CREATE TABLE `tb_headline_news` (
  `id` int(11) NOT NULL AUTO_INCREMENT,
  `title` varchar(50) COLLATE utf8mb4_unicode_ci NOT NULL,
  `author` varchar(20) COLLATE utf8mb4_unicode_ci NOT NULL,
  `read_num` int(11) NOT NULL,
  `text` longtext COLLATE utf8mb4_unicode_ci NOT NULL,
  `content` longtext COLLATE utf8mb4_unicode_ci NOT NULL,
  `created_time` datetime(6) NOT NULL,
  `img_url` varchar(100) COLLATE utf8mb4_unicode_ci NOT NULL,
  PRIMARY KEY (`id`)
) ENGINE=InnoDB AUTO_INCREMENT=4 DEFAULT CHARSET=utf8mb4 COLLATE=utf8mb4_unicode_ci;
/*!40101 SET character_set_client = @saved_cs_client */;

--
-- Dumping data for table `tb_headline_news`
--

LOCK TABLES `tb_headline_news` WRITE;
/*!40000 ALTER TABLE `tb_headline_news` DISABLE KEYS */;
INSERT INTO `tb_headline_news` VALUES (1,'2019诺贝尔化学奖揭晓：锂电池彻底改变了我们的生活','华明元',10,'新浪科技讯 北京时间10月9日消息，瑞典皇家科学院今天宣布，将2019年诺贝尔化学奖授予德州大学奥斯汀分校教授John B. Goodenough，纽约州立大学宾汉姆顿分校教授M. Stanley Whittingham，以及日本名城大学教授吉野彰','<p>新浪科技讯 北京时间10月9日消息，瑞典皇家科学院今天宣布，将2019年诺贝尔化学奖授予德州大学奥斯汀分校教授John B. Goodenough，纽约州立大学宾汉姆顿分校教授M. Stanley Whittingham，以及日本名城大学教授吉野彰，以表彰他们&ldquo;在发明锂电池过程中做出的贡献&rdquo;。</p>\r\n\r\n<p><img alt=\"\" src=\"/media/upload/2019/10/09/8.jpeg\" style=\"height:630px; width:630px\" /></p>\r\n\r\n<p>他们创造了一个可充电的世界</p>\r\n\r\n<p>2019年度诺贝尔化学奖奖励锂电池的发明。这种轻巧，可充电且性能强劲的电池今天早已进入寻常百姓家，被每一部手机，笔记本和其他电子设备所使用。它还能用于存储太阳能和风能，从而让构建一个零化石燃料使用的社会成为可能。</p>\r\n\r\n<p>锂电池被全球范围被被广泛用于为便携式电子设备提供电力，方面我们通讯，工作，开展研究，听音乐，或者检索知识。锂电池的发明还让可以长距离行驶的电动汽车研发成为可能，同时它也被广泛用于可再生能源，如太阳能和风能的存储。</p>\r\n\r\n<p>锂离子电池已经彻底改变了我们的生活，并被用于从手机到笔记本电脑和电动汽车的所有领域。通过他们的工作，今年的化学获奖者奠定了无线、无化石燃料社会的基础。</p>\r\n\r\n<p>锂电池的研发基础在1970年代的石油危机期间被构建起来。当时，Stanley Whittingham正致力于研制一种可以摆脱石油燃料的能源技术。他开始对超导体材料进行研究，并很快发现了一种极端富能的材料，利用这种材料，他将这种材料创造性的用于制作锂电池的阴极。这是使用二硫化钛制作的，在分子层面上，其内部空隙可以容纳锂离子。</p>\r\n\r\n<p>电池的正极部分由金属锂制成。锂有很强的释放电子的驱动力。这就形成了一个具有巨大电势的电池，刚刚超过2伏特。然而，金属锂是活性的，电池爆炸的风险太大，在商业上并不可行。</p>\r\n\r\n<p>John Goodenough预测，如果用一种金属氧化物而不是金属硫化物来制造阴极，那么电池将具有更大的电势。经过系统的研究，在1980年，他证明了嵌入锂离子的氧化钴可以产生高达4伏特的电压。这是一个重要的突破，将带来更强大的电池。</p>\r\n\r\n<p><img alt=\"\" src=\"/media/upload/2019/10/09/00.jpg\" style=\"height:312px; width:630px\" /></p>\r\n\r\n<p>20世纪70年代初，斯坦利&middot;惠廷汉姆（Stanley Whittingham，今年的化学奖得主）开发出第一块可工作的锂电池时，他利用锂的巨大动力释放其外部电子。</p>\r\n\r\n<p>以Goodenough的阴极为基础，吉野彰在1985年发明了第一个商业上可行的锂离子电池。他没有在阳极使用活性锂，而是使用石油焦，这是一种碳材料，像阴极的钴氧化物一样，可以插入锂离子。</p>\r\n\r\n<p>于是，研究者获得了一种重量轻且耐用的电池，在性能衰竭之前可以充电数百次。锂离子电池的优点是，它们不是基于分解电极的化学反应，而是基于锂离子在正极和负极之间来回流动。</p>\r\n\r\n<p>自1991年首次投入市场以来，锂离子电池已经彻底改变了我们的生活。它们为无线通讯和建立无化石燃料社会奠定了基础，为人类带来了巨大的利益。</p>\r\n\r\n<p>此前，美国化学会周刊《化学化工新闻》（C&amp;EN）做出了相当准确的预测。当时该期刊表示，今年的化学奖很有可能会在电池研究、基因编辑技术、金属有机框架材料研究等改变人类世界生活的三大领域中产生，并猜测今年的获奖者可能会是97岁高龄的&ldquo;锂电池之父&rdquo;、美国德州大学奥斯汀分校（University of Texas at Austin）机械工程系教授古迪纳夫（John B。 Goodenough）。</p>','2019-10-09 22:07:22.063000','HeadlineNews/8.jpeg'),(2,'朝美工作磋商后表态迥异，中方：望双方保持耐心，相向而行','华明元',5,'记者问：5日，朝美双方在斯德哥尔摩举行工作层磋商。会后，朝方称，磋商未能达到朝方预期，已经破裂。美国务院发言人称，美方与朝方进行了良好讨论，并提议双方于两周后再次磋商。中方对此有何评论？','<p>【环球时报-环球网 记者 王盼盼】2019年10月8日，外交部发言人耿爽主持例行记者会，以下为部分实录。</p>\r\n\r\n<p><img alt=\"\" src=\"/media/upload/2019/10/09/71.jpeg\" style=\"height:429px; width:640px\" /></p>\r\n\r\n<p>记者问：5日，朝美双方在斯德哥尔摩举行工作层磋商。会后，朝方称，磋商未能达到朝方预期，已经破裂。美国务院发言人称，美方与朝方进行了良好讨论，并提议双方于两周后再次磋商。中方对此有何评论？</p>\r\n\r\n<p>耿爽答：中方一直密切关注朝美工作层磋商，注意到朝美双方有关表态。实现朝鲜半岛无核化与持久和平是大势所趋，也是国际社会的普遍期待和共识。朝鲜半岛形势几十年来的起伏波折告诉我们，对话协商才是根本出路。我们希望朝美双方保持耐心，相向而行，坚持通过对话协商寻找解决各自关切的办法，推动半岛无核化和政治解决进程沿着正确轨道继续走下去。中方也愿继续为此发挥建设性作用。</p>','2019-10-09 22:08:49.116000','HeadlineNews/71.jpeg'),(3,'火箭球星哈登改口支持肖华 耐克市值一天缩水了20亿美元会向肖华施压吗？','华明元',12,'大家都知道火箭队总经理莫雷事件可以说让NBA火箭队以及整个NBA联盟遭受了巨大的打击，根据媒体公布的专家推算每年NBA可以从中国市场获得12亿美元，占其总收入的15％左右，失去中国市场后他们的收入将大大折扣','<p>大家都知道火箭队总经理莫雷事件可以说让NBA火箭队以及整个NBA联盟遭受了巨大的打击，根据媒体公布的专家推算每年NBA可以从中国市场获得12亿美元，占其总收入的15％左右，失去中国市场后他们的收入将大大折扣，权威专家预测NBA球员的薪金的工薪将缩水百分之二十。假如彻底失去中国市场相信不仅仅是球员工会，NBA球队的老板在金钱的驱使下也会对肖华有意见！</p>\r\n\r\n<p>相信大家都知道蝴蝶效应，因为全民抵制NBA，NBA身后最大的资金支持者耐克公司也受到了巨大影响，根据报道，仅仅是昨天一天的时间耐克的市值就下降了1.48％，可以说一天市值就缩水了20亿美元，可见中国市场对于NBA对于耐克公司的影响力有多大。大家都知道耐克在NBA中拥有很重的话语权，假如这件事得不到解决，相信耐克公司乃至NBA球员工会都会给肖华施压！</p>\r\n\r\n<p><img alt=\"\" src=\"/media/upload/2019/10/09/14.jpeg\" style=\"height:280px; width:500px\" /></p>\r\n\r\n<p>众所周知NBA总裁肖华今天凌晨就达到了上海，根据爆料他将和姚明以及篮协有关负责人进行会面，争取努力达成共识，但是今天下午上海体育总会发表了声明终止了&ldquo;2019NBA球迷之夜&rdquo;活动，而且本来定于今天下午举行的NBA中国赛的新闻发布会也被取消，可想而知，肖华与姚明等人的谈判没有达成一致，而且目前湖人队的大部分成员今晚没有训练而是去了商场购买特产，除此之外体育馆周围关于中国赛的宣传广告已经全部拆除，通过以上种种迹象表明，肖华这次谈崩了！不出意外，明天举行的中国赛也会被取消！</p>\r\n\r\n<p>其实没有一点道歉的意思，来到上海的肖华落得无功而返的地步其实早有预料，可以这样说没有真诚的道歉绝对不会有共识。而显然美媒体并没有意识到问题的严重性，他们发布了内容为这样的新闻，他们认为NBA在拥有众多的粉丝，他们认为中国球迷不会拒绝NBA，而且NBA也不会失去中国市场，并且表示中国球迷抵制NBA只是暂时的！</p>\r\n\r\n<p>而根据最新消息，火箭队当家球星哈登可能是迫于压力，也可能是因为肖华达成共识无望，他在媒体公开宣布改口支持莫雷支持肖华，再次伤害了中国球迷的心。对于哈登改口一事，你是怎么认为的呢！哈登的改口出乎人们的意料，要知道他的队友兼好兄弟维斯布鲁克今天还穿着唐装抗议肖华，不知道随着哈登的改口，威少还能坚持多久，不管如何，还是感谢哈登此前的表态。不过从他改口的那一刻起，哈登从此不再是以前的哈登！</p>\r\n\r\n<p>随着哈登的改口，从一定程度上可以看出NBA确实要失去中国市场了！你认为随着时间的推移，耐克收益受到影响后会像NBA联盟施压么？NBA球员工资待遇下降以后会像肖华施压么？</p>','2019-10-09 23:19:11.224000','HeadlineNews/14.jpeg');
/*!40000 ALTER TABLE `tb_headline_news` ENABLE KEYS */;
UNLOCK TABLES;

--
-- Table structure for table `tb_news`
--

DROP TABLE IF EXISTS `tb_news`;
/*!40101 SET @saved_cs_client     = @@character_set_client */;
/*!50503 SET character_set_client = utf8mb4 */;
CREATE TABLE `tb_news` (
  `id` int(11) NOT NULL AUTO_INCREMENT,
  `title` varchar(50) COLLATE utf8mb4_unicode_ci NOT NULL,
  `author` varchar(20) COLLATE utf8mb4_unicode_ci NOT NULL,
  `read_num` int(11) NOT NULL,
  `text` longtext COLLATE utf8mb4_unicode_ci NOT NULL,
  `content` longtext COLLATE utf8mb4_unicode_ci NOT NULL,
  `created_time` datetime(6) NOT NULL,
  PRIMARY KEY (`id`)
) ENGINE=InnoDB AUTO_INCREMENT=9 DEFAULT CHARSET=utf8mb4 COLLATE=utf8mb4_unicode_ci;
/*!40101 SET character_set_client = @saved_cs_client */;

--
-- Dumping data for table `tb_news`
--

LOCK TABLES `tb_news` WRITE;
/*!40000 ALTER TABLE `tb_news` DISABLE KEYS */;
INSERT INTO `tb_news` VALUES (1,'“海贝思”仍维持超强台风级 12日后转向并趋向日本','华明元',8,'中国天气网讯 今年第19号台风“海贝思”（超强台风级）的中心今天（9日）早晨5点钟位于美国关岛西北方向约810公里的西北太平洋洋面上，就是北纬19.5度、东经140.5度，中心附近最大风力有17级（58米/秒）','<p>中国天气网讯 今年第19号台风&ldquo;海贝思&rdquo;（超强台风级）的中心今天（9日）早晨5点钟位于美国关岛西北方向约810公里的西北太平洋洋面上，就是北纬19.5度、东经140.5度，中心附近最大风力有17级（58米/秒），中心最低气压为925百帕，七级风圈半径360-450公里，十级风圈半径150-180公里，十二级风圈半径100公里。</p>\r\n\r\n<p><img alt=\"\" src=\"/media/upload/2019/10/09/s.jpeg\" style=\"height:564px; width:640px\" /></p>\r\n\r\n<p>预计，&ldquo;海贝思&rdquo;将以每小时15公里左右的速度向西北转偏北方向移动，12日以后转向东北方向移动，趋向日本中南部一带沿海。今明两天强度变化不大，尔后强度将逐渐减弱。未来两天&ldquo;海贝思&rdquo;对我国近海海区无影响，11-12日，东海东部海域将有7-8级大风。</p>','2019-10-09 22:04:54.697000'),(2,'诺贝尔物理学奖得主寄语年轻人：不要为得奖做科研','华明元',0,'中新网10月9日电 据香港《文汇报》报道，当地时间8日，诺贝尔物理学奖得主公布，三名科学家共享了这一奖项。讲述获奖感受时，该奖项得主之一、加拿大出生的皮布尔斯寄语有志投身科研的年轻人，不要为得奖做科研。','<p>中新网10月9日电 据香港《文汇报》报道，当地时间8日，诺贝尔物理学奖得主公布，三名科学家共享了这一奖项。讲述获奖感受时，该奖项得主之一、加拿大出生的皮布尔斯寄语有志投身科研的年轻人，不要为得奖做科研。</p>\r\n\r\n<p>当地时间10月8日中午，瑞典皇家科学院将2019年诺贝尔物理学奖一半授予詹姆斯皮布尔斯(James Peebles)，以表彰其对宇宙演化过程的理论发现，另一半授予米歇尔马约尔(Michel Mayor)和迪迪埃奎洛兹(Didier Queloz)，表彰他们对地球在宇宙中的地位的发现。</p>\r\n\r\n<p>皮布尔斯表示，&ldquo;你们应该出于对科学的热爱而从事科研，奖项虽然有吸引力且令人感激，但这并不应该是你们计划的一部分。你们应该是因为对科学着迷而研究，我就是这样。&rdquo;</p>\r\n\r\n<p>皮布尔斯同时指出，虽然他的研究有助加深了解宇宙起源，但暗物质和暗能量仍然是个谜团，&ldquo;即使我们在宇宙进化方面的理解取得重大突破，很多问题仍然未解&rdquo;。</p>\r\n\r\n<p>另外两位得主马约尔和奎洛兹发声明表示，发现首个系外行星是他们科研生涯中最振奋人心的一刻，称为此而获得诺贝尔物理学奖是难以置信。</p>','2019-10-09 22:10:06.991000'),(3,'华为5G芯片都靠它？台积电7nn EUV 工艺正式商用','华明元',8,'台积电在近日宣布，这家承担了相当多芯片制造工作的半导体工厂，成了业界首个可将N7+工艺商用的代工厂。首批采用台积电N7+工艺制造的芯片，也将从近日开始向客户交付。','<p>7nm EUV工艺的风声传出已久，现在它终于能大规模地影响到普通消费者。</p>\r\n\r\n<p>台积电在近日宣布，这家承担了相当多芯片制造工作的半导体工厂，成了业界首个可将N7+工艺商用的代工厂。首批采用台积电N7+工艺制造的芯片，也将从近日开始向客户交付。</p>\r\n\r\n<p>台积电7nm EUV正式商用</p>\r\n\r\n<p>N7+工艺便是采用EUV（极紫外光刻）的7nm制造工艺，根据台积电的说法，7nm EUV相比此前的7nm（N7）工艺，把晶体管密度提升了15%~20%，同时也顺利降低了芯片功耗。</p>\r\n\r\n<p>台积电表示，7nm EUV也是有史以来量产最快的芯片制造工艺，在今年第二季度开始量产的时候，产能就已经达到量产了一年多的7nm工艺的水平。相比至今没有传出代工芯片量产消息的三星7nm EUV，台积电这次走在了前面。</p>\r\n\r\n<p>台积电还小小地展望了计划于2020年第一季度开始试产、年底前量产的6nm工艺，同样使用了EUV的台积电6nm工艺在设计上完全兼容当前的7nm EUV，有望让7nm EUV芯片的改进产品更快速地推向市场。</p>\r\n\r\n<p>突破制造极限，EUV不仅仅是后缀那么简单</p>\r\n\r\n<p>正如此前展望5nm工艺时所说的那样，集成电路的密度随着制程工艺的改进而提升。无论是哪家厂商设计应用于哪种设备，芯片工艺改进都在让设备进步，其中关键的指标便是晶体管之间的间隙。</p>\r\n\r\n<p>从安卓手机进入大众视野时的60nm，到4G手机开始普及时的28nm，再到现在高端手机上普及的7nm，智能手机提供的表现越发强大，我们一直在见证着芯片工艺提升带来的性能和续航革命。</p>\r\n\r\n<p>5G和AI应用是当前的热门话题，为了让这些新技术更好地在手机上服务用户，更应该让重要的硬件芯片，借助工艺提升得到新能力。芯片设计厂商，以及台积电、三星这样的制造工厂也是这样想的，然而他们发现了一个事实：工艺提升已经遭遇瓶颈。</p>\r\n\r\n<p>半导体硅是最常见的芯片制造原料，工厂将冶炼切割后的硅晶圆放置于光刻机中，然后用光透过印有电路设计图的掩膜进行蚀刻，最后打磨切割封装就得到了芯片。芯片制造多年来惯用控制光波长来提升制程，这个方法到了nm级别却开始失灵。</p>\r\n\r\n<p>以5nm为例，传统DUV（深紫外光刻）技术下蚀刻出的极低晶体管间隙导致了难以控制的漏电问题，使得芯片性能损失比起进步来说得不偿失。经过多种尝试，依旧没法有效解决遭遇的工程难题，工艺提升的步伐似乎要就此停下来。</p>\r\n\r\n<p>这个时候厂商们找到了从80年代起就提上议程的EUV（极紫外光刻），相比现在广泛使用的DUV，波长仅为13.5nm的EUV更能帮助工艺提升。台积电、三星、英特尔等多家芯片制造厂共同投资数十亿美元后，ASML公司带来了首个能投入商用的EUV光刻机。</p>\r\n\r\n<p>ASML的光刻机可以说是高科技中的高精尖了，每台价格至少上亿美元，是DUV光刻机的近十倍，而且需要多架次波音737 Max才能完成运输。光是开动这台机器进行生产，每小时就需要150度的电。</p>\r\n\r\n<p>EUV的改进不只是光线种类和波长，还引入了浸液式光刻、真空蚀刻、多重成像等过去还在实验室中的技术，综合起来之后才将工艺提升变成了现实。得益于EUV，我们见到了更强大的7nm工艺，5nm和3nm等过去约等于不可能的工艺也将在未来两三年到来。</p>\r\n\r\n<p>三星是首个宣布在量产芯片中使用7nm EUV工艺的厂商，今年8月发布的Galaxy Note 10手机就搭载了采用这一工艺的Exynos 9825处理器。由于手机版本限制，包括中国在内的大部分地区，都无法见到Exynos 9825背后7nm EUV的真正实力。</p>\r\n\r\n<p>根据此前的消息，高通明年的中端定位5G芯片7250将采用三星7nm EUV工艺生产，不过它可能并不是首个接触全球用户的7nm EUV芯片。采用台积电7nm EUV工艺代工的麒麟990 5G，很快就会随手机正式登场。</p>\r\n\r\n<p>5G时代的耗电和发热，或因EUV缓解</p>\r\n\r\n<p>华为海思在麒麟990上采用了两种制造工艺，不含5G基带的麒麟990采用原版7nm工艺制造，集成了5G基带的麒麟990 5G抢先用上了7nm EUV工艺。麒麟990 5G的晶体管数量达到了103亿颗，相比上一代麒麟980的69亿颗提升巨大。</p>\r\n\r\n<p>拿到了首批5G产品的媒体和消费者都发现，5G网络对手机的功耗以及发热能力有更高的要求，这也是2019年智能手机纷纷用上4000毫安时以上电池并配备更大面积热管散热的原因。</p>\r\n\r\n<p>EUV带来的工艺改进，有望成为提升5G时代手机体验的重要法宝：华为官方的数据显示麒麟990 5G的功耗降低了20%、面积也缩小了36%，却得到了20%的性能提升。在5G NR网络下，上下行速率分别可达2.3Gbps和1.25Gbps。</p>\r\n\r\n<p>头顶首款台积电商用7nm EUV芯片光环的麒麟990 5G，会随着华为Mate 30 5G和Mate 30 Pro 5G在11月上市，这一新工艺能有多少能耐很快就能揭晓。</p>\r\n\r\n<p>很可能在2020年iPhone上启用的苹果A14芯片，也会受益于EUV，不过苹果的策略更为激进，A14将采用5nm EUV工艺进行制造。苹果向来是大核心处理器的拥趸，A14或许能借助5nm EUV得到更大幅度的性能提升，并更有效地消除多层主板的散热问题。</p>\r\n\r\n<p>如果想要在计算机上见到7nm EUV实现的效能改进，那么可以期待一下AMD计划在2020年发布的Zen 3架构处理器，这批产品也会采用新工艺制造。在Zen以及Zen 2上，AMD通过架构和制造工艺的双重改进，实现了处理器性能表现的大幅提升。</p>\r\n\r\n<p>作为台积电近年来的重要客户之一，AMD一直在积极跟进最新工艺。比起处理器领域头号玩家英特尔今年来暂停钟摆战略，一直在改进14nm工艺迟迟没能正式进入10nm的尴尬，AMD正在逐步实现弯道超车，让消费者有了同性能下更便宜的选择。</p>\r\n\r\n<p>至于台积电多年来的合作伙伴高通，有消息称骁龙865改投三星代工生产，这款2020年安卓阵营的主力旗舰芯片，会成为三星7nm EUV工艺实力的证明。也有消息表示，下一代骁龙875又会回归台积电生产，采用苹果A14同款5nm EUV工艺。</p>\r\n\r\n<p>总结</p>\r\n\r\n<p>EUV工艺的诞生并正式商用，意味着人类科技又一次完成了应用层面的突破。就像是晶体管到集成电路、液晶面板变为现实、锂电池开始驱动设备一样，最前沿的产品制造再度跨过了&ldquo;不可能&rdquo;的制造难题，并开始影响实际生活。</p>\r\n\r\n<p>如果你要问7nm EUV以及未来的5nm EUV等工艺有什么实际作用，我只能像描述过去的工艺进步那样，告诉你性能、效能都得到了进步。</p>\r\n\r\n<p>正是这样解决了一个又一个问题的进步，才造就了人们生活的变化，没有从芯片到整机制造的一步步进化，我们将很难想象当今的科技生活。</p>','2019-10-09 22:11:07.092000'),(4,'李克强主持召开国务院常务会议','华明元',9,'央广网北京10月9日消息 据中央广播电视总台中国之声《新闻和报纸摘要》报道，国务院总理李克强10月8日主持召开国务院常务会议，审议通过《优化营商环境条例（草案）》，以政府立法为各类市场主体投资兴业提供制度保障；','<p>央广网北京10月9日消息 据中央广播电视总台中国之声《新闻和报纸摘要》报道，国务院总理李克强10月8日主持召开国务院常务会议，审议通过《优化营商环境条例（草案）》，以政府立法为各类市场主体投资兴业提供制度保障；讨论通过《中华人民共和国档案法（修订草案）》。2019-10-09 新闻和报纸摘要全文&gt;&gt;&gt;</p>\r\n\r\n<p>会议指出，贯彻党中央、国务院部署，制定专门行政法规推进市场化法治化国际化营商环境建设，是深化改革开放、促进公平竞争、增强市场活力和经济内生动力、推动高质量发展的重要举措。会议通过了《优化营商环境条例（草案）》，围绕市场主体需求，聚焦转变政府职能，将近年来&ldquo;放管服&rdquo;改革中行之有效的经验做法上升为法规，并对标国际先进水平，确立对内外资企业等各类市场主体一视同仁的营商环境基本制度规范。一是更大力度放权。持续放宽市场准入，实行全国统一的市场准入负面清单制度，推进&ldquo;证照分离&rdquo;，压减企业开办和注销手续，各地要向社会公开企业开办涉及的证照、办税、银行开户、接入电力等的办理时限，超过时限的，办理单位要公开说明理由。实行不动产登记、交易和缴税一窗受理、并行办理。进一步精简行政许可和审批，对确需保留的许可、证明等事项推行告知承诺制。严控新设行政许可，凡要新设的，必须严格依法依规审查论证和批准。二是规范和创新监管执法。除直接涉及公共安全和群众生命健康等特殊行业、重点领域外，都要实行&ldquo;双随机、一公开&rdquo;监管。推行&ldquo;互联网+监管&rdquo;。对新兴产业实行包容审慎监管。三是加强市场主体保护。依法保护市场主体经营自主权和企业经营者人身财产安全，严禁违反法定权限、程序对市场主体和经营者个人的财产实施查封、扣押等行政强制措施。保障各类市场主体平等使用生产要素、平等享受国家支持政策。建立健全知识产权侵权惩罚性赔偿制度和维权援助等机制。四是突出政务公开透明。推进政务服务事项无差别受理、同标准办理。水电气热等公用企事业单位应公开服务标准、资费标准等信息。制定与市场主体生产经营活动密切相关的法规、规章、行政规范性文件，应按规定听取市场主体和行业协会商会意见。若无法律法规等依据，行政规范性文件不得减损市场主体合法权益或增加其义务。五是严格责任追究。对政府及其工作人员相关违法违规和不作为乱作为行为、公用企事业单位乱收费、行业协会商会及中介服务机构违法评比认证和强制市场主体接受中介服务等，要依法追责。</p>\r\n\r\n<p>会议通过《中华人民共和国档案法（修订草案）》。草案围绕完善档案管理相关制度，规定了机关、团体、企业事业单位和其他组织的档案管理责任，增加了档案信息化建设的规定，明确了电子档案的法律效力，并扩大档案开放利用，缩短档案封闭期。会议决定，草案经进一步修改后提请全国人大常委会审议。</p>','2019-10-09 22:11:40.147000'),(5,'首创置业前9个月销售超510亿，9月新获上海一项目','华明元',11,'新京报快讯（记者 赵昱）10月9日，首创置业发布其未经审核销售业绩。2019年9月，该公司实现签约面积约12.9万平方米，签约金额约35.5亿元。其中，京津沪地区签约金额约15.8亿元，约占总签约金额的44.51%。','<p>新京报快讯（记者 赵昱）10月9日，首创置业发布其未经审核销售业绩。2019年9月，该公司实现签约面积约12.9万平方米，签约金额约35.5亿元。其中，京津沪地区签约金额约15.8亿元，约占总签约金额的44.51%。</p>\r\n\r\n<p>2019年前9个月，首创置业累计实现签约面积约196.8万平方米，同比增长约10.5%;累计签约金额约510.8亿元，同比增长约20.9%。其中，北京、上海和天津地区的签约金额分别占总签约金额的50%、15%和14%。</p>\r\n\r\n<p>此外，截至2019年9月底，该公司尚有认购未换签金额约14.3亿元正在办理换签手续。</p>\r\n\r\n<p>在土地获取方面，9月，首创置业新获取上海市闵行华漕镇项目。该项目地处大虹桥商务区板块，就在首创置业去年获取的闵行区华漕镇MHP0-1402单元08-05地块东侧，靠近地铁13号线及沈海高速、北翟路高架、北青公路等多条城市交通主干道，规划总建筑面积约4.7万平方米。</p>\r\n\r\n<p>新京报记者 赵昱</p>','2019-10-09 22:12:43.516000'),(6,'土耳其美梦成真：将发动一场大规模军事行动 美国不支持也不反对','华明元',13,'局势一度缓和的叙利亚战场，又出现了再度激化的趋势，土耳其总统埃尔多安此前向媒体表示，土耳其军队已经在叙利亚边境集结完毕，准备进行大规模军事行动。他们的目标是将幼发拉底河东岸的库尔德人聚集区清除，通过武力行动建立一个安全缓冲区。','<p>局势一度缓和的叙利亚战场，又出现了再度激化的趋势，土耳其总统埃尔多安此前向媒体表示，土耳其军队已经在叙利亚边境集结完毕，准备进行大规模军事行动。他们的目标是将幼发拉底河东岸的库尔德人聚集区清除，通过武力行动建立一个安全缓冲区。而此举无疑会与美国保护库尔德人的政策直接冲突，美国会如何应对土耳其的军事行动成为了局势如何发展的关键。</p>\r\n\r\n<p>而白宫方面最新做出的表态，就是美国不会参与土耳其在叙利亚北部的任何军事行动。也就是说面对这一次土耳其的攻势，美国人准备置身事外，不做任何插手。假如美国后续真的按照他们的表态严格执行下去的话，就意味着土耳其在与美国的外交较量中获得了一次久违的胜利，他们终于实现了自己的夙愿。</p>\r\n\r\n<p>聚集在叙利亚的库尔德人，实际上对土耳其的安全构成越来越大的威胁。库尔德民族独立建国的愿望从来都没有消失，而库尔德工人党武装在美国的支持下，逐渐拥有了越来越强大的军力。一个非常现实的可能性是，这只独立起来的武装军队将会成为库尔德人独立建国的基础力量，而分布在土耳其境内的大量库尔德人，无疑会威胁到土耳其的国家领土完整。埃尔多安早就想把库尔德武装斩尽杀绝，而美国出于牵制俄叙联军，以及为自己扶持一支支持力量的考虑，坚决保护库尔德力量，多次阻拦土耳其的攻势。</p>\r\n\r\n<p>在今年8月份，土耳其和美国达成了联合巡逻协议，这个协议使得库尔德武装从土耳其的边境向后撤离了一段距离。不过双方在联合巡逻的一些问题上仍然存在冲突，美国方面实际上把土耳其军力监视的范围限制在九英里深的区域内。也就是说库尔德武装仍然在美国的保护之下可以继续发展自己的力量，而土耳其仅仅建立了一道薄弱的保护带。因此土耳其之前已经在叙利亚北部地区集结了接近10万的军事力量，以及大量的装甲设备和火炮，一次大规模的军事行动恐怕势在必得。</p>\r\n\r\n<p>虽然美国支持的库尔德武装之前发表声明称，如果土耳其发动袭击，他们会将袭击演变成边界的全面战争。但是库尔德武装的力量和土耳其军队相比仍然是悬殊的，如果美国的态度不明确支持库尔德武装，那对土耳其而言就没有什么后顾之忧了。而现在看来白宫的态度是作壁上观，如果美国的态度后续不发生转变的话，这对土耳其来说就是一个千载难逢的击垮库尔德武装的战机！</p>','2019-10-09 22:57:58.980000'),(7,'诺贝尔奖创纪录 97岁科学家成最高龄获奖者','华明元',36,'北京时间10月9日下午17：45，2019年诺贝尔化学奖揭晓，美国科学家约翰·B·古迪纳夫(John B. Goodenough);英裔美国科学家M·斯坦利·威廷汉(M. Stanley Whittingham)与日本科学家吉野彰(Akira Yoshino)共同获得此奖，以表彰他们在锂离子电池领域作出的贡献;三人均分900万克朗奖金。','<p>北京时间10月9日下午17：45，2019年诺贝尔化学奖揭晓，美国科学家约翰&middot;B&middot;古迪纳夫(John B. Goodenough);英裔美国科学家M&middot;斯坦利&middot;威廷汉(M. Stanley Whittingham)与日本科学家吉野彰(Akira Yoshino)共同获得此奖，以表彰他们在锂离子电池领域作出的贡献;三人均分900万克朗奖金。</p>\r\n\r\n<p>当地时间10月9日，瑞典皇家科学院宣布，将<a href=\"http://www.enkj.com/idcnews/Article/20191009/17553\" target=\"_blank\">2019诺贝尔化学奖</a>授予约翰&middot;B&middot;古迪纳夫(John B. Goodenough)、M&middot;斯坦利&middot;威廷汉(M. Stanley Whittingham )、吉野彰(Akira Yoshino)，以表彰他们为锂离子电池发展做出贡献。</p>\r\n\r\n<p>97岁的约翰&middot;B&middot;古迪纳夫是美国得州大学奥斯汀分校机械工程系教授、著名固体物理学家，是钴酸锂、锰酸锂和磷酸铁锂正极材料的发明人，锂离子电池的奠基人之一，通过研究化学、结构以及固体电子/离子性质之间的关系来设计新材料解决材料科学问题。被业界称为&ldquo;锂电池之父&rdquo;。</p>\r\n\r\n<p>英国《卫报》称，古迪纳夫是至今为止获得诺贝尔奖的最年长获奖者。</p>\r\n\r\n<p>诺贝尔奖创纪录&nbsp;约翰&middot;B&middot;古迪纳夫成最高龄获奖者</p>\r\n\r\n<p>约翰&middot;B&middot;古迪纳夫(John B. Goodenough)：美国固体物理学家，是二次电池产业的重要学者。他目前是美国德州大学奥斯汀分校的机械工程和材料科学教授。古迪纳夫1922年生在德国，今年97岁，他幼年随父亲移民美国，在耶鲁大学获得数学学士学位并参加美军，二战结束后重返学校，在芝加哥大学获得物理学博士学位。</p>','2019-10-09 23:00:50.808000'),(8,'英国脱欧尚未成功 苏格兰或将再次举行独立公投','华明元',7,'10月16日电 据欧联网援引欧联通讯社报道\r\n随着英国脱欧期限逼近，苏格兰部分人士独立的决心也越来越强烈','<p>&nbsp; &nbsp; &nbsp; 10月16日电 据欧联网援引欧联通讯社报道，随着英国脱欧期限逼近，苏格兰部分人士独立的决心也越来越强烈，苏格兰民族党(SNP)党魁兼首席大臣斯特金15日表示，2020年，第二次独立公投势在必行。</p>\r\n\r\n<p>　　据报道，英国首相鲍里斯&middot;约翰逊正在努力试图利用距脱欧期限最后几天时间，与欧盟达成脱欧协议，虽有传言称达成协议仅剩下&ldquo;最后一里路&rdquo;，不过唐宁街发言人表示，要达成协议仍有更多工作要做。</p>\r\n\r\n<ol>\r\n</ol>\r\n\r\n<p>　　爱尔兰总理利奥&middot;瓦拉德卡表示，目前方向是对的，但双方仍有分歧，不能肯定协议是否来得及在17日的欧盟峰会召开前准备完毕。</p>\r\n\r\n<p>　　欧盟负责英国脱欧首席谈判代表巴尼耶称，英国和欧盟必须在17日之前，谈妥协议的最后细节。</p>\r\n\r\n<p>　　报道指出，约翰逊为了达成协议，据称在爱尔兰边境问题上做了极大让步，如果唐宁街同意协议内容，可能会在17日以前公开脱欧协议草案。</p>\r\n\r\n<p>　　报道称，巴尼耶据称将尽快向欧盟使节汇报进度，也就是说，最新版本的脱欧协议草案最快有可能在16日下午，获得欧盟开绿灯。不过，即使约翰逊和欧盟谈妥，仍有英国国会需要闯关，而前任首相特蕾莎&middot;梅的脱欧协议曾在国会3度闯关失败。</p>\r\n\r\n<ol>\r\n</ol>\r\n\r\n<p>　　在脱欧协议谈判如火如荼进行的同时，苏格兰独立的热情则持续高涨。苏格兰首府爱丁堡5日有20多万人上街游行，要求苏格兰独立。</p>\r\n\r\n<p>　　苏格兰首席大臣斯特金15日在苏格兰民族党大会上证实，她已经要求英国政府在2019年底前同意苏格兰举行第二次独立公投。她表示，英国政府没有权力阻挡她的请求。</p>\r\n\r\n<p>　　斯特金向群众表示，她的要求是，公投必须在2020年年举行。&ldquo;我们已经准备好了，在来年之前，我们将完成立法上的准备工作。&rdquo;</p>\r\n\r\n<p>　　苏格兰曾经在2014年举行独立公投，当时以55%对45%，由反对独立派胜出，苏格兰继续留在联合王国内。独立派之后虽然多次试图卷土重来，但均遭到英国政府拒绝，因此曾有人呼吁举行非官方公投。</p>\r\n\r\n<p>　　对此，斯特金指出，这场公投必须被国际社会所承认。&ldquo;因为我们的工作不是要举行公投，而是要实现苏格兰独立。&rdquo;(京莺)</p>','2019-10-16 15:47:38.209000');
/*!40000 ALTER TABLE `tb_news` ENABLE KEYS */;
UNLOCK TABLES;

--
-- Table structure for table `tb_recruit`
--

DROP TABLE IF EXISTS `tb_recruit`;
/*!40101 SET @saved_cs_client     = @@character_set_client */;
/*!50503 SET character_set_client = utf8mb4 */;
CREATE TABLE `tb_recruit` (
  `id` int(11) NOT NULL AUTO_INCREMENT,
  `title` varchar(20) COLLATE utf8mb4_unicode_ci NOT NULL,
  `author` varchar(20) COLLATE utf8mb4_unicode_ci NOT NULL,
  `salary` varchar(20) COLLATE utf8mb4_unicode_ci NOT NULL,
  `responsibilities` longtext COLLATE utf8mb4_unicode_ci NOT NULL,
  `content` longtext COLLATE utf8mb4_unicode_ci NOT NULL,
  `created_time` datetime(6) NOT NULL,
  `img_url` varchar(100) COLLATE utf8mb4_unicode_ci NOT NULL,
  PRIMARY KEY (`id`)
) ENGINE=InnoDB AUTO_INCREMENT=9 DEFAULT CHARSET=utf8mb4 COLLATE=utf8mb4_unicode_ci;
/*!40101 SET character_set_client = @saved_cs_client */;

--
-- Dumping data for table `tb_recruit`
--

LOCK TABLES `tb_recruit` WRITE;
/*!40000 ALTER TABLE `tb_recruit` DISABLE KEYS */;
INSERT INTO `tb_recruit` VALUES (1,'销售代表','福建华明元实业有限公司','无责底薪4000+抽成+高额奖金','<p>1，中专及以上的学历，市场营销类优先。</p>\r\n\r\n<p>2，年龄 1989年~2001年。</p>\r\n\r\n<p>3，熟练电脑操作，打字速度较快。</p>\r\n\r\n<p>4,&nbsp; 服务态度好，工作踏实有耐心</p>','<p>1，利用网络进行公司产品的销售及推广。</p>\r\n\r\n<p>2，负责公司网上贸易平台的操作管理和产品信息发布。</p>\r\n\r\n<p>3，了解和搜集网络上各同行及竟争产品的动态信息。</p>\r\n\r\n<p>4，通过网络进行渠道开发和业务拓展，按时完成销售任务。</p>','2019-10-16 14:46:01.147000','recruit/招聘.png'),(2,'客户经理','福建华明元实业有限公司','无责底薪4000+抽成+高额奖金','<p>1，中专及以上的学历，市场营销类优先。</p>\r\n\r\n<p>2，年龄 1989年~2001年。</p>\r\n\r\n<p>3，熟练电脑操作，打字速度较快。</p>\r\n\r\n<p>4，服务态度好，工作踏实有耐心</p>','<p>1，利用网络进行公司产品的销售及推广。</p>\r\n\r\n<p>2，负责公司网上贸易平台的操作管理和产品信息发布。</p>\r\n\r\n<p>3，了解和搜集网络上各同行及竟争产品的动态信息。</p>\r\n\r\n<p>4，通过网络进行渠道开发和业务拓展，按时完成销售任务。</p>','2019-10-16 14:48:32.056000','recruit/招聘_nHSw4YB.png'),(3,'行政前台','福建华明元实业有限公司','无责底薪4000+抽成+高额奖金','<p>1，中专及以上的学历，市场营销类优先。</p>\r\n\r\n<p>2，年龄 1989年~2001年。</p>\r\n\r\n<p>3，熟练电脑操作，打字速度较快。</p>\r\n\r\n<p>4，服务态度好，工作踏实有耐心</p>\r\n\r\n<p>&nbsp;</p>\r\n\r\n<p>&nbsp;</p>','<p>1，利用网络进行公司产品的销售及推广。</p>\r\n\r\n<p>2，负责公司网上贸易平台的操作管理和产品信息发布。</p>\r\n\r\n<p>3，了解和搜集网络上各同行及竟争产品的动态信息。</p>\r\n\r\n<p>4，通过网络进行渠道开发和业务拓展，按时完成销售任务。</p>','2019-10-16 14:49:22.351000','recruit/招聘_yaAOvje.png'),(4,'人事专员','福建华明元实业有限公司','无责底薪4000+抽成+高额奖金','<p>1，中专及以上的学历，市场营销类优先。</p>\r\n\r\n<p>2，年龄 1989年~2001年。</p>\r\n\r\n<p>3，熟练电脑操作，打字速度较快。</p>\r\n\r\n<p>4，服务态度好，工作踏实有耐心</p>\r\n\r\n<p>&nbsp;</p>\r\n\r\n<p>&nbsp;</p>','<p>1，利用网络进行公司产品的销售及推广。</p>\r\n\r\n<p>2，负责公司网上贸易平台的操作管理和产品信息发布。</p>\r\n\r\n<p>3，了解和搜集网络上各同行及竟争产品的动态信息。</p>\r\n\r\n<p>4，通过网络进行渠道开发和业务拓展，按时完成销售任务。</p>','2019-10-16 14:49:58.334000','recruit/招聘_KXH0lpj.png'),(5,'培训讲师','福建华明元实业有限公司','无责底薪4000+抽成+高额奖金','<p>1，中专及以上的学历，市场营销类优先。</p>\r\n\r\n<p>2，年龄 1989年~2001年。</p>\r\n\r\n<p>3，熟练电脑操作，打字速度较快。</p>\r\n\r\n<p>4，服务态度好，工作踏实有耐心</p>','<p>1，利用网络进行公司产品的销售及推广。</p>\r\n\r\n<p>2，负责公司网上贸易平台的操作管理和产品信息发布。</p>\r\n\r\n<p>3，了解和搜集网络上各同行及竟争产品的动态信息。</p>\r\n\r\n<p>4，通过网络进行渠道开发和业务拓展，按时完成销售任务。</p>','2019-10-16 16:28:31.739000','recruit/recruit.png'),(6,'董事长助理','福建华明元实业有限公司','无责底薪4000+抽成+高额奖金','<p>1，中专及以上的学历，市场营销类优先。</p>\r\n\r\n<p>2，年龄 1989年~2001年。</p>\r\n\r\n<p>3，熟练电脑操作，打字速度较快。</p>\r\n\r\n<p>4，服务态度好，工作踏实有耐心</p>','<p>1，利用网络进行公司产品的销售及推广。</p>\r\n\r\n<p>2，负责公司网上贸易平台的操作管理和产品信息发布。</p>\r\n\r\n<p>3，了解和搜集网络上各同行及竟争产品的动态信息。</p>\r\n\r\n<p>4，通过网络进行渠道开发和业务拓展，按时完成销售任务。</p>','2019-10-17 23:03:06.206000',''),(7,'平面设计师','福建华明元实业有限公司','无责底薪4000+抽成+高额奖金','<p>1，中专及以上的学历，市场营销类优先。<br />\r\n2，年龄 1989年~2001年。<br />\r\n3，熟练电脑操作，打字速度较快。<br />\r\n4,&nbsp;&nbsp;服务态度好，工作踏实有耐心</p>','<p>1，利用网络进行公司产品的销售及推广。<br />\r\n2，负责公司网上贸易平台的操作管理和产品信息发布。<br />\r\n3，了解和搜集网络上各同行及竟争产品的动态信息。<br />\r\n4，通过网络进行渠道开发和业务拓展，按时完成销售任务。</p>','2019-10-19 18:07:50.018000',''),(8,'后期剪辑师','福建华明元实业有限公司','无责底薪4000+抽成+高额奖金','<p>1，中专及以上的学历，市场营销类优先。<br />\r\n2，年龄 1989年~2001年。<br />\r\n3，熟练电脑操作，打字速度较快。<br />\r\n4,&nbsp;&nbsp;服务态度好，工作踏实有耐心</p>','<p>1，利用网络进行公司产品的销售及推广。<br />\r\n2，负责公司网上贸易平台的操作管理和产品信息发布。<br />\r\n3，了解和搜集网络上各同行及竟争产品的动态信息。<br />\r\n4，通过网络进行渠道开发和业务拓展，按时完成销售任务。</p>','2019-10-19 18:08:16.800000','');
/*!40000 ALTER TABLE `tb_recruit` ENABLE KEYS */;
UNLOCK TABLES;

--
-- Table structure for table `tb_rule`
--

DROP TABLE IF EXISTS `tb_rule`;
/*!40101 SET @saved_cs_client     = @@character_set_client */;
/*!50503 SET character_set_client = utf8mb4 */;
CREATE TABLE `tb_rule` (
  `id` int(11) NOT NULL AUTO_INCREMENT,
  `title` varchar(50) COLLATE utf8mb4_unicode_ci NOT NULL,
  `author` varchar(50) COLLATE utf8mb4_unicode_ci NOT NULL,
  `read_num` int(11) NOT NULL,
  `text` longtext COLLATE utf8mb4_unicode_ci NOT NULL,
  `content` longtext COLLATE utf8mb4_unicode_ci NOT NULL,
  `created_time` datetime(6) NOT NULL,
  `rule_type_id` int(11) NOT NULL,
  PRIMARY KEY (`id`),
  KEY `tb_rule_rule_type_id_4c01d240_fk_tb_rule_type_id` (`rule_type_id`),
  CONSTRAINT `tb_rule_rule_type_id_4c01d240_fk_tb_rule_type_id` FOREIGN KEY (`rule_type_id`) REFERENCES `tb_rule_type` (`id`)
) ENGINE=InnoDB AUTO_INCREMENT=15 DEFAULT CHARSET=utf8mb4 COLLATE=utf8mb4_unicode_ci;
/*!40101 SET character_set_client = @saved_cs_client */;

--
-- Dumping data for table `tb_rule`
--

LOCK TABLES `tb_rule` WRITE;
/*!40000 ALTER TABLE `tb_rule` DISABLE KEYS */;
INSERT INTO `tb_rule` VALUES (1,'市场规范：中国人民银行办公厅关于印发《金融机构互联网黄金业务管理暂行办法》的通知（银办发〔2018〕','华明元',7,'中国人民银行上海总部，各分行、营业管理部，各省会（首府）城市中心支行，各副省级城市中心支行；各国有商业银行、股份制商业银行，中国邮政储蓄银行；上海黄金交易所：','<h3><strong>中国人民银行办公厅关于印发《金融机构互联网黄金业务管理暂行办法》的通知</strong></h3>\r\n\r\n<p>　　中国人民银行上海总部，各分行、营业管理部，各省会（首府）城市中心支行，各副省级城市中心支行；各国有商业银行、股份制商业银行，中国邮政储蓄银行；上海黄金交易所：</p>\r\n\r\n<p>　　近年来，黄金市场取得了较快发展，满足了居民投资黄金的需求，但随着互联网的兴起和普及，居民投资金融产品的方式发生了一定变化。为加强对黄金市场的监督管理，规范互联网黄金业务，防范黄金市场风险，维护市场秩序，保护投资者权益，人民银行制定了《金融机构互联网黄金业务管理暂行办法》（见附件），现印发给你们，请遵照执行。</p>\r\n\r\n<p>　　请人民银行分支机构将本通知转发至辖区内相关金融机构，请上海黄金交易所将本通知告知黄金市场参与主体。</p>\r\n\r\n<p>　　<strong>附件 金融机构互联网黄金业务管理暂行办法</strong></p>\r\n\r\n<p>　　第一条 为加强对黄金市场的监督管理，规范互联网黄金业务，防范黄金市场风险，维护市场秩序，保护投资者权益，根据《中华人民共和国中国人民银行法》等法律法规，制定本办法。</p>\r\n\r\n<p>　　第二条 本办法所称黄金产品是指除实物黄金外，以黄金账户记录黄金持有人持有黄金重量、价值和权益变化的产品，以及以黄金为基础资产的衍生品。黄金产品仅限金融机构、国务院和金融监管部门批准成立的黄金交易场所向市场提供，其他任何机构或个人不得向市场提供黄金产品。</p>\r\n\r\n<p>　　第三条 本办法所称金融机构互联网黄金业务，是指金融机构通过自己的官方网站、移动终端销售或通过互联网机构代理销售其开发的黄金产品的活动。</p>\r\n\r\n<p>　　第四条 在金融机构互联网黄金业务中，由金融机构提供黄金账户服务，互联网机构不得提供任何形式的黄金账户服务。</p>\r\n\r\n<p>　　第五条 通过互联网机构代理销售其开发黄金产品的金融机构，应当具备上海黄金交易所银行间黄金询价市场做市商资格 （含尝试做市商） 。</p>\r\n\r\n<p>　　第六条 代理销售金融机构黄金产品的互联网机构应当满足以下条件：</p>\r\n\r\n<p>　　（一）互联网机构的公司法人应当在中华人民共和国境内依法设立，应当具备熟悉黄金业务的工作人员，注册资本应当不低于 3000 万元人民币，且必须为实缴货币资本。</p>\r\n\r\n<p>　　（二）互联网机构应当具备互联网行业主管部门颁发的许可证或者在互联网行业主管部门完成网站备案，且网站接入地在中华人民共和国境内。</p>\r\n\r\n<p>　　（三）近三年未受到过金融监管、互联网行业主管等部门的重大行政处罚。</p>\r\n\r\n<p>　　（四）未开展非法金融业务活动。金融机构应当在各项风险可控的范围内选择互联网机构，并对互联网机构的资质负责。</p>\r\n\r\n<p>　　第七条 互联网机构代理销售金融机构的黄金产品，由开发黄金产品的金融机构一级法人主体向中国人民银行备案，备案时提供以下材料：</p>\r\n\r\n<p>　　（一）拟开展该项黄金市场业务的备案报告，包括但不限于关于互联网机构代理销售的黄金产品的具体描述、风险判断、双方各自遵守黄金市场法律法规的承诺等。</p>\r\n\r\n<p>　　（二）对代理销售黄金产品的互联网机构资质、投资者保护等方面的评估报告。</p>\r\n\r\n<p>　　（三）中国人民银行要求报送的其他材料。第八条 第八条 第八条 第八条 对已备案的金融机构互联网黄金业务，若发生代理的互联网机构变更等重大事项调整，金融机构应当及时将有关情况报中国人民银行。</p>\r\n\r\n<p>　　第九条 金融机构负责互联网黄金产品的报价、黄金和资金的运用、产品推介说明的制作。</p>\r\n\r\n<p>　　第十条 通过互联网机构代理销售其黄金产品的金融机构，不得将自身应承担的义务或责任转移给互联网机构。互联网机构对其代理销售金融机构的黄金产品，可以提供产品展示服务，不得提供黄金清算、结算、交割等服务，不得提供黄金产品的转让服务，不得将代理的产品转给其他机构进行二级或多级代理，不得将代理销售黄金产品这一事项用于宣传本机构或其他机构的任何其他业务。</p>\r\n\r\n<p>　　第十一条 互联网机构代理销售黄金产品的宣传口径应当与金融机构官方网站或移动终端的宣传口径保持一致。</p>\r\n\r\n<p><br />\r\n　　第十二条 金融机构互联网黄金业务实行投资者风险自担原则。对黄金资产管理业务，金融机构及代理销售的互联网机构不得承诺保本保收益，不得以任何形式刚性兑付。</p>\r\n\r\n<p>　　第十三条 金融机构和互联网机构在向投资者推介黄金产品时，应当向投资者说明产品特性，并提示产品相关风险。应当做好投资者适当性管理，建立有效的投资者保护机制和风险承受能力评估体系，在开展业务前要充分评估投资者的风险承受能力，不得向风险承受能力不足的投资者销售黄金产品。</p>\r\n\r\n<p>　　第十四条 金融机构和互联网机构应当做好投资者信息保护工作。</p>\r\n\r\n<p>　　第十五条 金融机构互联网黄金业务应当符合外汇管理、金融衍生品、支付清算结算、反洗钱和反恐怖融资、金融消费者权益保护等法律法规和监管规定。</p>\r\n\r\n<p>　　第十六条 中国人民银行依法对金融机构互联网黄金业务进行监督管理。违反本办法的，中国人民银行将按照《中华人民共和国中国人民银行法》等法律法规进行处罚。</p>\r\n\r\n<p>　　第十七条 本办法自印发之日起实施。</p>','2019-10-17 16:15:20.197000',3),(2,'市场规范：中国人民银行办公厅关于印发《黄金积存业务管理暂行办法》的通知（银办发〔2018〕222号）','华明元',4,'中国人民银行办公厅关于印发 《黄金积存业务管理暂行办法》的通知\r\n\r\n　　中国人民银行上海总部，各分行、营业管理部，各省会（首府）城市中心支行，各副省级城市中心支行；各国有商业银行、股份制商业银行，中国邮政储蓄银行；上海黄金交易所：','<h3><strong>中国人民银行办公厅关于印发 《黄金积存业务管理暂行办法》的通知</strong></h3>\r\n\r\n<p>　　中国人民银行上海总部，各分行、营业管理部，各省会（首府）城市中心支行，各副省级城市中心支行；各国有商业银行、股份制商业银行，中国邮政储蓄银行；上海黄金交易所：</p>\r\n\r\n<p>　　为加强对黄金市场的监督管理，规范黄金积存业务，维护市场秩序，防范黄金市场风险，保护投资者权益，人民银行制定了《黄金积存业务管理暂行办法》 （见附件） ，现印发给你们，请遵照执行。</p>\r\n\r\n<p>　　请人民银行分支机构将本通知转发至辖区内相关金融机构，请上海黄金交易所将本通知告知黄金市场参与主体。</p>\r\n\r\n<p>　　附件</p>\r\n\r\n<p>　　<strong>黄金积存业务管理暂行办法</strong></p>\r\n\r\n<p>　　第一条 &nbsp;为加强对黄金市场的监督管理，规范黄金积存业务，防范黄金市场风险，维护市场秩序，保护投资者权益，根据《中华人民共和国中国人民银行法》等法律法规，制定本办法。</p>\r\n\r\n<p>　　第二条 本办法所称黄金积存，是指金融机构按照与客户的约定，为客户开立黄金账户，记录客户在一定时期内存入一定重量黄金的负债类业务。黄金积存产品最小业务单位为 1 克。</p>\r\n\r\n<p>　　第三条 &nbsp;黄金积存业务仅限银行业存款类金融机构开办，开办此业务的银行业存款类金融机构应当有熟悉黄金业务的工作人员。</p>\r\n\r\n<p>　　第四条 客户所积存的黄金可以从银行业存款类金融机构处购买。黄金积存业务应当支持客户提取实物黄金或将黄金卖出获得相应的货币资金。</p>\r\n\r\n<p>　　第五条 银行业存款类金融机构在对黄金积存产品进行定价时，可参考上海黄金交易所价格或市场上其他公允价格确定。</p>\r\n\r\n<p>　　第六条 银行业存款类金融机构应当将黄金积存业务纳入资产负债表管理。</p>\r\n\r\n<p>　　第七条 银行业存款类金融机构应当根据自身黄金业务状况，建立黄金积存业务实物黄金备付管理制度，加强对实物黄金流动性的管理，满足客户提取实物黄金的需求。</p>\r\n\r\n<p>　　第八条 银行业存款类金融机构应当做好风险管理工作，根据自身业务需要和市场情况，选择上海黄金交易所等黄金市场或委托具有黄金询价市场做市商资格的金融机构进行平盘。</p>\r\n\r\n<p>　　第九条 银行业存款类金融机构可通过其他金融机构（以下统称代理销售黄金积存产品的金融机构）或互联网机构代理销售黄金积存产品。互联网机构代理销售黄金积存产品要符合《金融机构互联网黄金业务管理暂行办法》 （银办发〔2018〕221 号文印发）的规定。</p>\r\n\r\n<p>　　第十条 开办黄金积存业务的银行业存款类金融机构和代理销售黄金积存产品的金融机构，按照《中国人民银行办公厅关于加强银行业金融机构黄金市场业务管理有关事项的通知》 （银办发〔2012〕238 号）要求进行备案。通过互联网机构代理销售黄金积存产品的备案，还要符合《金融机构互联网黄金业务管理暂行办法》的规定。</p>\r\n\r\n<p>　　第十一条 代理销售黄金积存产品的金融机构和互联网机构的宣传口径，应与开发黄金积存产品的银行业存款类金融机构官方网站或移动终端的宣传口径保持一致。</p>\r\n\r\n<p><br />\r\n　　第十二条 代理销售黄金积存产品的金融机构和互联网机构不得提供黄金账户、清算、结算、交割等服务，不得将代理的产品转给其他机构进行二级或多级代理，不得将代理销售黄金产品这一事项用于宣传本机构或其他机构的任何其他业务。</p>\r\n\r\n<p>　　第十三条 银行业存款类金融机构、代理销售黄金积存产品的金融机构和互联网机构在开展黄金积存业务时，要切实保护投资者权益，充分提示黄金积存业务风险。</p>\r\n\r\n<p>　　第十四条 银行业存款类金融机构、代理销售黄金积存产品的金融机构和互联网机构要保护客户信息安全。</p>\r\n\r\n<p>　　第十五条 银行业存款类金融机构、代理销售黄金积存产品的金融机构和互联网机构应遵守外汇管理、支付清算结算、黄金进出口、反洗钱和反恐怖融资、金融消费者权益保护等法律法规和监管规定。</p>\r\n\r\n<p>　　第十六条 中国人民银行依法对黄金积存业务进行监督管理。违反本办法的，中国人民银行按照《中华人民共和国中国人民银行法》等法律法规进行处罚。</p>\r\n\r\n<p>　　第十七条 本办法自印发之日起实施。不符合本办法要求且已开办黄金积存业务的金融机构，应当于 2019 年底前完成整改。</p>','2019-10-17 16:16:50.708000',3),(3,'市场规范：中国人民银行办公厅关于黄金资产管理业务有关事项的通知（银办发〔2018〕215号）','华明元',9,'为加强对黄金市场的监督管理，规范黄金资产管理业务，防范黄金市场风险，维护市场秩序，保护投资者权益，根据《中华人民共和国中国人民银行法》等法律法规，按照《中国人民银行中国银行保险监督管理委员会中国证券监督管理委员会国家外汇管理局关于规范金融机构资产管理业务的指导意见》','<h3><strong>中国人民银行办公厅关于黄金资产管理业务有关事项的通知</strong></h3>\r\n\r\n<p>&nbsp; &nbsp; &nbsp; &nbsp;中国人民银行上海总部，各分行、营业管理部，各省会(首府)城市中心支行，各副省级城市中心支行；各国有商业银行、股份制商业银行，中国邮政储蓄银行；上海黄金交易所：</p>\r\n\r\n<p>　　为加强对黄金市场的监督管理，规范黄金资产管理业务，防范黄金市场风险，维护市场秩序，保护投资者权益，根据《中华人民共和国中国人民银行法》等法律法规，按照《中国人民银行中国银行保险监督管理委员会中国证券监督管理委员会国家外汇管理局关于规范金融机构资产管理业务的指导意见》(银发〔2018〕106 号)的要求，现就黄金资产管理业务有关事项通知如下：</p>\r\n\r\n<p>　　一、本通知所称黄金资产管理业务是指银行、信托、证券、<a href=\"http://data.eastmoney.com/zlsj/\" target=\"_blank\">基金</a>、期货、保险资产管理机构、金融资产投资公司等金融机构接受投资者委托，将受托的投资者财产投资于实物黄金或黄金产品的金融服务。黄金产品是指除实物黄金外，以黄金账户记录黄金持有人持有黄金重量、价值和权益变化的产品，以及以黄金为基础资产的衍生品。</p>\r\n\r\n<p>　　二、黄金资产管理产品仅限金融机构发起设立，是金融机构的表外业务。</p>\r\n\r\n<p>　　三、发起设立黄金资产管理产品的金融机构通过其他金融机构或经金融监督管理部门许可的互联网机构等代理销售其发行的黄金资产管理产品，要符合金融监管部门的管理规定。上述代理销售黄金资产管理产品的其他金融机构和互联网机构，以下统称代理销售机构。</p>\r\n\r\n<p>　　四、按照有关金融监管规定发起设立的黄金资产管理产品，除了要符合金融监管部门的管理规定外，发起设立的金融机构还应当向中国人民银行备案：</p>\r\n\r\n<p>　　(一)发起设立的金融机构为银行业金融机构的，按照《中国人民银行办公厅关于加强银行业金融机构黄金市场业务管理有关事项的通知》(银办发〔2012〕238 号)要求备案；</p>\r\n\r\n<p>　　(二)发起设立的金融机构为非银行业金融机构的，向公司法人注册所在地的中国人民银行分支机构备案，备案程序及金融机构应提供的材料比照《中国人民银行办公厅关于加强银行业金融机构黄金市场业务管理有关事项的通知》要求执行；</p>\r\n\r\n<p>　　(三)通过代理销售机构销售的，发起设立黄金资产管理产品的金融机构应当同时提供代理销售机构是否符合代理销售监管规定的说明、双方合作黄金资产管理产品的有关情况、相关风险判断、双方各自遵守黄金市场法律法规的承诺、投资者保护等方面的材料；</p>\r\n\r\n<p>　　(四)中国人民银行要求的其他材料。</p>\r\n\r\n<p>　　五、对黄金资产管理产品投资的实物黄金应当进行登记托管，登记托管服务仅限金融机构和上海黄金交易所等经国务院、金融监管部门批准的黄金交易场所提供。金融机构应当在上海黄金交易所开立总账户，登记所托管的实物黄金。</p>\r\n\r\n<p>　　黄金资产管理产品投资于上海黄金交易所等经国务院、金融监管部门批准的黄金交易场所的实物黄金，应当将实物黄金登记托管在上海黄金交易所等经国务院、金融监管部门批准的黄金交易场所；投资于金融机构的实物黄金，应当将实物黄金登记托管在金融机构；投资于非金融机构的实物黄金，应当将实物黄金登记托管在金融机构。</p>\r\n\r\n<p>　　六、向黄金资产管理产品提供实物黄金登记托管服务的金融机构，在首次提供登记托管服务时，应当比照黄金资产管理产品的备案要求，分别向中国人民银行或其分支机构备案，备案时提供以下材料：</p>\r\n\r\n<p>　　(一)提供登记托管服务的黄金资产管理产品及其发起设立机构有关情况；</p>\r\n\r\n<p>　　(二)符合黄金资产管理产品登记托管要求的报告；</p>\r\n\r\n<p>　　(三)中国人民银行要求报送的其他材料。</p>\r\n\r\n<p>　　七、上海黄金交易所和金融机构应当为每一只黄金资产管理产品投资的实物黄金或黄金产品，开立独立的黄金账户进行专户管理。</p>\r\n\r\n<p>　　八、上海黄金交易所应当于每月 15 日前向中国人民银行报送黄金资产管理产品持有实物黄金的情况，定期在其官方网站上披露黄金资产管理产品持有实物黄金的相关信息。</p>\r\n\r\n<p>　　九、代理销售机构销售黄金资产管理产品的宣传口径，应当与黄金资产管理产品发起设立机构的官方网站或移动终端的宣传口径保持一致。</p>\r\n\r\n<p>　　十、代理销售机构不得提供黄金账户、清算、结算、交割等服务，不得将代理销售黄金资产管理产品这一事项用于宣传本机构或其他机构的任何其他业务。</p>\r\n\r\n<p>　　十一、黄金资产管理产品的发起设立机构和代理销售机构应当按照金融监管规定和投资者保护要求，进行信息披露，充分向投资者提示风险，做好投资者信息安全保护工作。</p>\r\n\r\n<p>　　十二、黄金资产管理业务应当符合中国人民银行或其他金融监管部门发布的法律法规和制度的要求。</p>\r\n\r\n<p>　　十三、违反本通知的，中国人民银行将按照《中华人民共和国中国人民银行法》等法律法规进行处罚。</p>\r\n\r\n<p>　　十四、本通知自印发之日起执行。不符合上述要求的金融机构，应当在 2020 年底前按照本通知要求完成整改。</p>','2019-10-17 16:19:29.176000',3),(4,'黄金及黄金制品进出口管理办法 中国人民银行 海关总署令〔2015〕第1号','华明元',7,'中国人民银行 海关总署令[2015]第1号（黄金及黄金制品进出口管理办法）根据《中华人民共和国中国人民银行法》、《中华人民共和国海关法》和《国务院对确需保留的行政审批项目设定行政许可的决定》，中国人民银行、海关总署制定了《黄金及黄金制品进出口管理办法》，现予发布，自2015年4月1日起施行。','<h3><strong>中国人民银行 海关总署令[2015]第1号（黄金及黄金制品进出口管理办法）</strong></h3>\r\n\r\n<p>&nbsp;</p>\r\n\r\n<p><span style=\"color:#333333\"><span style=\"background-color:#ffffff\">〔<strong>2015</strong>〕 第&nbsp;<strong>1</strong>&nbsp;号</span></span></p>\r\n\r\n<p><span style=\"color:#333333\"><span style=\"background-color:#ffffff\">　　根据《中华人民共和国中国人民银行法》、《中华人民共和国海关法》和《国务院对确需保留的行政审批项目设定行政许可的决定》，中国人民银行、海关总署制定了《黄金及黄金制品进出口管理办法》，现予发布，自2015年4月1日起施行。</span></span></p>\r\n\r\n<p><span style=\"color:#333333\"><span style=\"background-color:#ffffff\">人民银行行长 　周小川　　　　　<br />\r\n海关总署署长　 于广洲　　　　　<br />\r\n2015年3月4日　　　</span></span></p>\r\n\r\n<p><span style=\"color:#333333\"><span style=\"background-color:#ffffff\">&nbsp;</span></span></p>\r\n\r\n<p><span style=\"color:#333333\"><span style=\"background-color:#ffffff\"><strong>黄金及黄金制品进出口管理办法</strong></span></span></p>\r\n\r\n<p><span style=\"color:#333333\"><span style=\"background-color:#ffffff\">　　<strong>第一条</strong>　为了规范黄金及黄金制品进出口行为，加强黄金及黄金制品进出口管理，根据《中华人民共和国中国人民银行法》、《中华人民共和国海关法》和《国务院对确需保留的行政审批项目设定行政许可的决定》等法律法规，制定本办法。<br />\r\n　　<strong>第二条</strong>　本办法所称黄金是指未锻造金，黄金制品是指半制成金和金制成品等。<br />\r\n　　<strong>第三条</strong>　中国人民银行是黄金及黄金制品进出口主管部门，对黄金及黄金制品进出口实行准许证制度。<br />\r\n　　中国人民银行根据国家宏观经济调控需求，可以对黄金及黄金制品进出口的数量进行限制性审批。<br />\r\n　　列入《黄金及黄金制品进出口管理目录》的黄金及黄金制品进口或出口通关时，应当向海关提交中国人民银行及其分支机构签发的《中国人民银行黄金及黄金制品进出口准许证》（附1）。<br />\r\n　　中国人民银行会同海关总署制定、调整并公布《黄金及黄金制品进出口管理商品目录》。<br />\r\n　　<strong>第四条</strong>　法人、其他组织以下列贸易方式进出口黄金及黄金制品的，应当按照本办法办理《中国人民银行黄金及黄金制品进出口准许证》：<br />\r\n　　（一）一般贸易；<br />\r\n　　（二）加工贸易转内销及境内购置黄金原料以加工贸易方式出口黄金制品的；<br />\r\n　　（三）海关特殊监管区域、保税监管场所与境内区外之间进出口的。<br />\r\n　　个人、法人或者其他组织因公益事业捐赠进口黄金及黄金制品的，应当按照本办法办理《中国人民银行黄金及黄金制品进出口准许证》。<br />\r\n　　个人携带黄金及黄金制品进出境的管理规定，由中国人民银行会同海关总署制定。<br />\r\n　　<strong>第五条</strong>　国家黄金储备进出口由中国人民银行办理。<br />\r\n　　金质铸币（包括金质贵金属纪念币）进出口由中国人民银行指定机构办理。<br />\r\n　　<strong>第六条</strong>　获得黄金进出口资格的市场主体应当承担平衡国内黄金市场实物供求的责任，进出口黄金应当在国务院批准的黄金现货交易所内登记，并完成初次交易。<br />\r\n　　<strong>第七条</strong>　黄金进出口和公益事业捐赠黄金制品进口申请由中国人民银行受理和审批。<br />\r\n　　黄金制品进出口申请由中国人民银行地市级以上分支机构受理，中国人民银行上海总部，各分行、营业管理部、省会（首府）城市中心支行，深圳市中心支行审批。<br />\r\n　　<strong>第八条</strong>　申请黄金进出口（除因公益事业捐赠进口黄金）的，应当具备法人资格，近2年内无相关违法违规行为，并且具备下列条件之一：<br />\r\n　　（一）是国务院批准的黄金交易所的金融机构会员或做市商，具备黄金业务专业人员、完善的黄金业务风险控制制度和稳定的黄金进出口渠道，所开展的黄金市场业务符合相关政策或管理规定，并且申请前两个年度黄金现货交易活跃、自营交易量排名前列；<br />\r\n　　（二）是国务院批准的黄金交易所的综合类会员，年矿产金10吨以上、其生产过程中的污染物排放达到国家环保标准，在境外黄金矿产投资规模达5000万美元以上，取得境外金矿或者共生、伴生金矿开釆权，已形成矿产金生产能力，所开展的业务符合国内外相关政策或管理规定，申请前两个年度黄金现货交易活跃，自营交易量排名前列的矿产企业；<br />\r\n　　（三）在国内有连续3年且每年不少于2亿元人民币的纳税记录，在境外有色金属投资1亿美元以上，取得境外金矿或共生、伴生金矿开釆权，已形成矿产金生产能力，所开展的业务符合国内外相关政策或管理规定的矿产企业；<br />\r\n　　（四）承担国家贵金属纪念币生产任务进口黄金的生产企业；<br />\r\n　　（五）为取得国际黄金市场品牌认证资格进出口黄金的精炼企业。<br />\r\n　　<strong>第九条</strong>　申请黄金制品进出口（除因公益事业捐赠进口黄金制品）的，应当具备法人或其他组织资格，近2年内无相关违法违规行为，并且具备下列条件之一：<br />\r\n　　（一）生产、加工或者使用相关黄金制品的企业，有必要的生产场所、设备和设施，生产过程中的污染物排放达到国家环保标准，有连续3年且年均不少于100万元人民币的纳税记录；<br />\r\n　　（二）适用海关认证企业管理的外贸经营企业，有连续3年且年均不少于300万元人民币的纳税记录；<br />\r\n　　（三）因国家科研项目、重点课题需要使用黄金制品的教育机构、科学研究机构等。<br />\r\n　　<strong>第十条</strong>　申请黄金进出口的，应当向中国人民银行提交下列材料：<br />\r\n　　（一）书面申请，应当载明申请人的名称、住所（办公场所）、企业概况、进出口黄金的用途和计划数量等业务情况说明。<br />\r\n　　（二）《黄金及黄金制品进出口申请表》（附2）。<br />\r\n　　（三）加盖公章的企业法人营业执照复印件。<br />\r\n　　（四）黄金进出口合同及其复印件。<br />\r\n　　（五）加盖公章的《中华人民共和国组织机构代码证》复印件。<br />\r\n　　（六）申请人近2年有无违法行为的说明材料。<br />\r\n　　（七）银行业金融机构还应当提供内部黄金业务风险控制制度有关材料；申请出口黄金的还应当提交在国务院批准的黄金现货交易所实物黄金库存量证明。<br />\r\n　　（八）黄金矿产的生产企业还应当提交省级环保部门出具的污染物排放许可证件和年度达标检测报告复印件、商务部门有关境外投资批复文件复印件、银行汇出汇款证明书复印件，境外国家或者地区开釆黄金有关证明，企业近3年的纳税记录，申请出口黄金的还应当提交由行业主管部门或自律组织出具的黄金产能证明和在国务院批准的黄金现货交易所的登记证明。<br />\r\n　　前款其他材料未发生变更再次申请黄金进出口的，只需提交前款第二项和第四项材料；前款其他材料发生变更的，比照初次申请办理。<br />\r\n　　<strong>第十一条</strong>　申请黄金制品进出口的，应当向申请人住所地的中国人民银行地市级以上分支机构提交下列材料：<br />\r\n　　（一）书面申请，应当载明申请人的名称、住所（办公场所）、企业概况、进出口黄金制品的用途和计划数量等业务情况说明；<br />\r\n　　（二）《黄金及黄金制品进出口申请表》；<br />\r\n　　（三）加盖公章的企业法人营业执照、事业单位法人证书等法定登记证书复印件；<br />\r\n　　（四）黄金制品进出口合同复印件；<br />\r\n　　（五）加盖备案登记章的《对外贸易经营者备案表》或《外商投资企业批准证书》；<br />\r\n　　（六）申请人近2年有无违法行为的说明材料；<br />\r\n　　（七）生产、加工或者使用黄金制品的企业还应当提交近3年的企业纳税记录，地市级环保部门出具的污染物排放许可证件和年度达标检测报告及其复印件；<br />\r\n　　（八）从事外贸经营的企业还应当提交适用海关认证企业管理的有关证明材料、近3年的企业纳税记录；<br />\r\n　　（九）教育机构、科学研究机构还应当提交承担国家科研项目、重点课题的证明材料；<br />\r\n　　（十）出口黄金制品的企业还应当提交在国内取得黄金原料的增值税发票等证明材料。<br />\r\n　　前款其他材料未发生变更再次申请黄金制品进出口的，只需提交前款第二项和第四项材料，教育机构、科学研究机构还应当提交前款第九项材料，出口黄金制品的企业还应当提交前款第十项规定的有关材料；前款其他材料发生变更的，比照初次申请办理。<br />\r\n　　<strong>第十二条</strong>　加工贸易因故转内销的黄金制品、转内销商品中进口料件是《黄金及黄金制品进出口管理目录》范围内商品的、在境内购置黄金原料以加工贸易方式出口黄金制品的，适用本办法第九条第一项规定的申请条件。<br />\r\n　　因加工贸易转内销的，应当按照本办法第十一条规定报送申请材料，同时，还应当提交有正当理由需要转内销的说明材料、加工贸易业务批准证复印件、加工贸易合同等材料及其复印件。<br />\r\n　　境内购置黄金原料以加工贸易方式出口黄金制品的，企业应当在加工贸易手册设立（变更）时向海关申报境内购置黄金情况，并提交《中国人民银行黄金及黄金制品进出口准许证》。<br />\r\n　　<strong>第十三条</strong>　个人、法人或者其他组织因公益事业捐赠进口黄金及黄金制品的，应当由受赠人向中国人民银行提交下列材料：<br />\r\n　　（一）符合《中华人民共和国公益事业捐赠法》规定的捐赠协议；<br />\r\n　　（二）事业单位法人证书或社会团体法人登记证书等法定登记证书及其复印件；<br />\r\n　　（三）《黄金及黄金制品进出口申请表》。<br />\r\n　　<strong>第十四条</strong>　中国人民银行应当自受理黄金及黄金制品进出口申请之日起20个工作日内做出行政许可决定。<br />\r\n　　<strong>第十五条</strong>　中国人民银行地市级分支机构应当自受理黄金制品进出口申请之日起20个工作日内将初步审查意见和全部申请材料直接报送上一级机构。上一级机构应当在收到初步审查意见和全部申请材料后20个工作日内做出行政许可决定。<br />\r\n　　中国人民银行上海总部，各分行、营业管理部、省会（首府）城市中心支行，深圳市中心支行直接受理黄金制品进出口申请的，应当自受理之日起20个工作日内做出行政许可决定。<br />\r\n　　<strong>第十六条</strong>　需要对申请材料的实质内容进行核实的，中国人民银行及其分支机构可以对申请人进行核查，核查应当由两名以上工作人员进行。<br />\r\n　　<strong>第十七条</strong>　被许可人在办理黄金及黄金制品货物进出口时，凭《中国人民银行黄金及黄金制品进出口准许证》向海关办理有关手续。<br />\r\n　　《中国人民银行黄金及黄金制品进出口准许证》实行一批一证，自签发日起40个工作日内使用。被许可人有正当理由需要延期的，可以在凭证有效期届满5个工作日前持原证向发证机构申请办理一次延期手续。<br />\r\n　　<strong>第十八条</strong>　中国人民银行及其分支机构有权对被许可人从事行政许可事项的活动进行监督检查，被许可人应当予以配合。<br />\r\n　　<strong>第十九条</strong>　被许可人应当按照中国人民银行及其分支机构的规定，及时上报黄金及黄金制品进出口许可的执行情况并且提供有关材料。<br />\r\n　　<strong>第二十条</strong>　除本办法第四条规定外，以下方式进出的黄金及黄金制品免予办理《中国人民银行黄金及黄金制品进出口准许证》，由海关实施监管：<br />\r\n　　（一）通过加工贸易方式进出的；<br />\r\n　　（二）海关特殊监管区域、保税监管场所与境外之间进出的；<br />\r\n　　（三）海关特殊监管区域、保税监管场所之间进出的；<br />\r\n　　（四）以维修、退运、暂时进出境方式进出境的。<br />\r\n　　<strong>第二十一条</strong>　除本办法第四条、第五条和第二十条规定之外，个人、法人和其他组织不得以其他任何方式进出口黄金及黄金制品。国家另有规定的除外。<br />\r\n　　<strong>第二十二条</strong>　个人、法人和其他组织进出口黄金及黄金制品应当遵守国家反洗钱和反恐怖融资有关规定。<br />\r\n　　<strong>第二十三条</strong>　黄金及黄金制品进出口发生的外汇收支，应当按照外汇管理规定办理。<br />\r\n　　<strong>第二十四条</strong>　被许可人不得有下列行为：<br />\r\n　　（一）转让、出借黄金及黄金制品进出口证件；<br />\r\n　　（二）使用伪造、变造的黄金及黄金制品进出口证件；<br />\r\n　　（三）骗取或者釆用其他不正当手段获取黄金及黄金制品进出口证件；<br />\r\n　　（四）超越进出口行政许可品种、规格、数量范围；<br />\r\n　　（五）虚假捐赠进口黄金及黄金制品；<br />\r\n　　（六）进口黄金未按照规定在黄金现货交易所登记、交易；<br />\r\n　　（七）以囤积居奇等方式恶意操纵黄金交易价格，或有欺诈等其他侵犯投资者权益行为；<br />\r\n　　（八）违反黄金市场及黄金衍生品交易相关政策或管理规定；<br />\r\n　　（九）拒绝中国人民银行及其分支机构监督检查，或者在监督检查过程中隐瞒有关情况、提供虚假材料。<br />\r\n　　被许可人有前款所列行为之一的，中国人民银行及其分支机构可以暂停受理其进出口申请；情节严重的，按照《中华人民共和国中国人民银行法》第四十六条规定予以处罚。<br />\r\n　　<strong>第二十五条</strong>　中国人民银行及其分支机构可以依法撤销被许可人的黄金及黄金制品进出口证件。<br />\r\n　　<strong>第二十六条</strong>　违反本办法规定进出口黄金及黄金制品，构成走私行为或者违反海关监管规定等违法行为的，由海关依照《中华人民共和国海关法》、《中华人民共和国海关行政处罚实施条例》等法律法规处理；构成犯罪的，依法移交司法机关追究刑事责任。<br />\r\n　　<strong>第二十七条</strong>　本办法由中国人民银行、海关总署负责解释。<br />\r\n　　<strong>第二十八条</strong>　本办法自2015年4月1日起施行。<br />\r\n　　附：1.中国人民银行黄金及黄金制品进出口准许证<br />\r\n　　　　2.黄金及黄金制品进出口申请表</span></span></p>','2019-10-17 16:31:16.936000',3),(5,'国务院办公厅关于清理整顿各类交易场所的实施意见 国办发〔2012〕37号','华明元',29,'为贯彻落实 《国务院关于清理整顿各类交易场所切实防范金融风险的决定》 （ 国发〔2011〕38号，以下称国发38号文件），进一步明确政策界限、措施和工作要求,扎实推进清理整顿各类交易场所工作，防范金融风险,维护社会稳定，经国务院同意，现提出以下意见：','<h3><span style=\"color:#333333\"><span style=\"background-color:#ffffff\">各省、自治区、直辖市人民政府，国务院各部委、各直属机构：</span></span></h3>\r\n\r\n<p><span style=\"color:#333333\"><span style=\"background-color:#ffffff\">　　为贯彻落实 《国务院关于清理整顿各类交易场所切实防范金融风险的决定》 （ 国发〔2011〕38号，以下称国发38号文件），进一步明确政策界限、措施和工作要求,扎实推进清理整顿各类交易场所工作，防范金融风险,维护社会稳定，经国务院同意，现提出以下意见：</span></span></p>\r\n\r\n<p><span style=\"color:#333333\"><span style=\"background-color:#ffffff\">　　一、全面把握清理整顿范围</span></span></p>\r\n\r\n<p><span style=\"color:#333333\"><span style=\"background-color:#ffffff\">　　遵循规范有序、便利实体经济发展的原则，准确界定清理整顿范围，突出重点，增强清理整顿各类交易场所工作的针对性、有效性。本次清理整顿的范围包括从事权益类交易、大宗商品中远期交易以及其他标准化合约交易的各类交易场所，包括名称中未使用&ldquo;交易所&rdquo;字样的交易场所，但仅从事车辆、房地产等实物交易的交易场所除外。其中，权益类交易包括产权、股权、债权、林权、矿权、知识产权、文化艺术品权益及金融资产权益等交易；大宗商品中远期交易，是指以大宗商品的标准化合约为交易对象，采用电子化集中交易方式，允许交易者以对冲平仓方式了结交易而不以实物交收为目的或不必交割实物的标准化合约交易；其他标准化合约，包括以有价证券、利率、汇率、指数、碳排放权、排污权等为标的物的标准化合约。</span></span></p>\r\n\r\n<p><span style=\"color:#333333\"><span style=\"background-color:#ffffff\">　　各类交易场所已设立的分支机构，按照属地管理原则，由各分支机构所在地省、自治区、直辖市人民政府（以下称省级人民政府）负责清理整顿。</span></span></p>\r\n\r\n<p><span style=\"color:#333333\"><span style=\"background-color:#ffffff\">　　依法经批准设立的证券、期货交易所，或经国务院金融管理部门批准设立的从事金融产品交易的交易场所不属于本次清理整顿范围。</span></span></p>\r\n\r\n<p><span style=\"color:#333333\"><span style=\"background-color:#ffffff\">　　二、准确适用清理整顿政策界限</span></span></p>\r\n\r\n<p><span style=\"color:#333333\"><span style=\"background-color:#ffffff\">　　违反下列规定之一的交易场所及其分支机构，应予以清理整顿。</span></span></p>\r\n\r\n<p><span style=\"color:#333333\"><span style=\"background-color:#ffffff\">　　（一）不得将任何权益拆分为均等份额公开发行。任何交易场所利用其服务与设施，将权益拆分为均等份额后发售给投资者，即属于&ldquo;均等份额公开发行&rdquo;。股份公司股份公开发行适用公司法、证券法相关规定。</span></span></p>\r\n\r\n<p><span style=\"color:#333333\"><span style=\"background-color:#ffffff\">　　（二）不得采取集中交易方式进行交易。本意见所称的&ldquo;集中交易方式&rdquo;包括集合竞价、连续竞价、电子撮合、匿名交易、做市商等交易方式,但协议转让、依法进行的拍卖不在此列。</span></span></p>\r\n\r\n<p><span style=\"color:#333333\"><span style=\"background-color:#ffffff\">　　（三）不得将权益按照标准化交易单位持续挂牌交易。本意见所称的&ldquo;标准化交易单位&rdquo;是指将股权以外的其他权益设定最小交易单位，并以最小交易单位或其整数倍进行交易。&ldquo;持续挂牌交易&rdquo;是指在买入后5个交易日内挂牌卖出同一交易品种或在卖出后5个交易日内挂牌买入同一交易品种。</span></span></p>\r\n\r\n<p><span style=\"color:#333333\"><span style=\"background-color:#ffffff\">　　（四）权益持有人累计不得超过200人。除法律、行政法规另有规定外，任何权益在其存续期间，无论在发行还是转让环节，其实际持有人累计不得超过200人，以信托、委托代理等方式代持的，按实际持有人数计算。</span></span></p>\r\n\r\n<p><span style=\"color:#333333\"><span style=\"background-color:#ffffff\">　　（五）不得以集中交易方式进行标准化合约交易。本意见所称的&ldquo;标准化合约&rdquo;包括两种情形：一种是由交易场所统一制定，除价格外其他条款固定，规定在将来某一时间和地点交割一定数量标的物的合约；另一种是由交易场所统一制定，规定买方有权在将来某一时间以特定价格买入或者卖出约定标的物的合约。</span></span></p>\r\n\r\n<p><span style=\"color:#333333\"><span style=\"background-color:#ffffff\">　　（六）未经国务院相关金融管理部门批准，不得设立从事保险、信贷、黄金等金融产品交易的交易场所，其他任何交易场所也不得从事保险、信贷、黄金等金融产品交易。</span></span></p>\r\n\r\n<p><span style=\"color:#333333\"><span style=\"background-color:#ffffff\">　　商业银行、证券公司、期货公司、保险公司、信托投资公司等金融机构不得为违反上述规定的交易场所提供承销、开户、托管、资产划转、代理买卖、投资咨询、保险等服务；已提供服务的金融机构，要按照相关金融管理部门的要求开展自查自清，并做好善后工作。</span></span></p>\r\n\r\n<p><span style=\"color:#333333\"><span style=\"background-color:#ffffff\">　　三、认真落实清理整顿工作安排</span></span></p>\r\n\r\n<p><span style=\"color:#333333\"><span style=\"background-color:#ffffff\">　　（一）排查甄别。各省级人民政府要按照国发38号文件和本意见要求，组织对本地区各类交易场所的交易品种、交易方式、投资者人数等是否违反规定，以及风险状况进行认真排查甄别。对违反国发38号文件规定的交易场所，严禁新增交易品种。</span></span></p>\r\n\r\n<p><span style=\"color:#333333\"><span style=\"background-color:#ffffff\">　　（二）整改规范。各类交易场所对自身存在问题纠正不及时、不到位的，有关省级人民政府要按照国发38号文件及本意见的要求，落实监管责任，对问题交易场所采取整改措施。交易规则违反国发38号文件规定的，不得继续交易；已暂停交易的，不得恢复交易，并依据相关政策规定修改交易规则，报本省（区、市）清理整顿工作领导小组批准。交易产品违反国发38号文件规定的，要取消违规交易产品并处理好善后问题；权益持有人累计超过200人的，要予以清理。</span></span></p>\r\n\r\n<p><span style=\"color:#333333\"><span style=\"background-color:#ffffff\">　　（三）检查验收。各省级人民政府应当组织对各类交易场所整改规范情况进行检查验收。重点核查交易场所章程、交易规则、交易品种、交易方式、投资者适当性、管理制度是否符合国发38号文件和本意见的规定,交易信息系统是否符合安全稳定性要求等。</span></span></p>\r\n\r\n<p><span style=\"color:#333333\"><span style=\"background-color:#ffffff\">　　（四）分类处置。各省级人民政府要对交易场所进行分类处置，该关闭的要坚决关闭，该整改的要认真整改，该规范的要切实规范。对确有必要保留的，要按照国发38号文件和本意见的要求履行相应审批程序。对于拒不整改、无正当理由逾期未完成整改的，或继续从事违法证券、期货交易的交易场所，各省级人民政府要依法依规坚决予以关闭或取缔。清理整顿过程中，各省级人民政府要采取有效措施确保投资者资金安全和社会稳定；对涉嫌犯罪的，要移送司法机关，依法追究有关人员的法律责任。</span></span></p>\r\n\r\n<p><span style=\"color:#333333\"><span style=\"background-color:#ffffff\">　　各省级人民政府要在清理整顿工作基本完成后，对清理整顿工作过程、政策措施、验收结果、日常监管和风险处置等情况进行全面总结，并书面报告清理整顿各类交易场所部际联席会议（以下简称联席会议）。</span></span></p>\r\n\r\n<p><span style=\"color:#333333\"><span style=\"background-color:#ffffff\">　　四、严格执行交易场所审批政策</span></span></p>\r\n\r\n<p><span style=\"color:#333333\"><span style=\"background-color:#ffffff\">　　（一）把握各类交易场所设立原则。</span></span></p>\r\n\r\n<p><span style=\"color:#333333\"><span style=\"background-color:#ffffff\">　　各省级人民政府应按照&ldquo;总量控制、合理布局、审慎审批&rdquo;的原则，统筹规划各类交易场所的数量规模和区域分布，制定交易场所品种结构规划和审查标准，审慎批准设立交易场所，使交易场所的设立与监管能力及实体经济发展水平相协调。</span></span></p>\r\n\r\n<p><span style=\"color:#333333\"><span style=\"background-color:#ffffff\">　　（二）严格规范交易场所设立审批。</span></span></p>\r\n\r\n<p><span style=\"color:#333333\"><span style=\"background-color:#ffffff\">　　1.凡新设交易所的，除经国务院或国务院金融管理部门批准的以外，必须报省级人民政府批准；省级人民政府批准前，应取得联席会议的书面反馈意见。</span></span></p>\r\n\r\n<p><span style=\"color:#333333\"><span style=\"background-color:#ffffff\">　　2.清理整顿前已设立运营的交易所，应当按照下列情形分别处理：</span></span></p>\r\n\r\n<p><span style=\"color:#333333\"><span style=\"background-color:#ffffff\">　　一是省级人民政府批准设立的交易所,确有必要保留,且未违反国发38号文件和本意见规定的，应经省级人民政府确认；违反国发38号文件和本意见规定的，应予清理整顿并经省级人民政府组织检查验收，验收通过后方可继续运营。各省级人民政府应当将上述两类交易所名单分别报联席会议备案。</span></span></p>\r\n\r\n<p><span style=\"color:#333333\"><span style=\"background-color:#ffffff\">　　二是未经省级人民政府批准设立的交易所，清理整顿并验收通过后，拟继续保留的，应按照新设交易场所的要求履行相关审批程序。省级人民政府批准前，应取得联席会议的书面反馈意见。</span></span></p>\r\n\r\n<p><span style=\"color:#333333\"><span style=\"background-color:#ffffff\">　　三是历史形成的从事车辆、房地产等实物交易的交易所，未从事违反国发38号文件和本意见规定，名称中拟继续使用&ldquo;交易所&rdquo;字样的，由省级人民政府根据实际情况处理，并将交易所名单报联席会议备案。</span></span></p>\r\n\r\n<p><span style=\"color:#333333\"><span style=\"background-color:#ffffff\">　　3.从事权益类交易、大宗商品中远期交易以及其他标准化合约交易的交易场所，原则上不得设立分支机构开展经营活动。确有必要设立的，应当分别经该交易场所所在地省级人民政府及拟设分支机构所在地省级人民政府批准，并按照属地监管原则，由相应省级人民政府负责监管。凡未经省级人民政府批准已设立运营的经营性分支机构，要按照上述要求履行审批程序。违反上述规定的，各地工商行政管理部门不得为分支机构办理工商登记，并按照工商管理相关规定进行处理。</span></span></p>\r\n\r\n<p><span style=\"color:#333333\"><span style=\"background-color:#ffffff\">　　名称中未使用&ldquo;交易所&rdquo;字样的各类交易场所的监管办法，由各省级人民政府制定。</span></span></p>\r\n\r\n<p><span style=\"color:#333333\"><span style=\"background-color:#ffffff\">　　五、切实贯彻清理整顿工作要求</span></span></p>\r\n\r\n<p><span style=\"color:#333333\"><span style=\"background-color:#ffffff\">　　（一）统一政策标准。各省级人民政府在开展清理整顿工作中，要严格按照国务院、联席会议及有关部门的要求，统一政策标准，准确把握政策界限。实际执行中遇到疑难问题或对相关政策把握不准的，要及时上报联席会议。</span></span></p>\r\n\r\n<p><span style=\"color:#333333\"><span style=\"background-color:#ffffff\">　　（二）防范化解风险。各省级人民政府在清理整顿工作中，要制定完善风险处置预案，认真排查矛盾纠纷和风险隐患，及时掌握市场动向，做好信访投诉受理和处置工作。要加强与司法机关的协调配合，严肃查处挪用客户资金、诈骗等涉嫌违法犯罪行为，妥善处置突发事件，维护投资者合法权益，防范和化解金融风险，维护社会稳定。</span></span></p>\r\n\r\n<p><span style=\"color:#333333\"><span style=\"background-color:#ffffff\">　　（三）落实监管责任。各省级人民政府要制定本地区各类交易场所监管制度，明确各类交易场所监管机构和职能，加强日常监管，建立长效机制，持续做好各类交易场所统计监测、违规处理、风险处置等工作。相关省级人民政府要加强沟通配合和信息共享。联席会议成员单位和国务院相关部门要做好监督检查和指导工作。</span></span></p>\r\n\r\n<p><span style=\"color:#333333\"><span style=\"background-color:#ffffff\">　　　　　　　　　　　　　　　　　　　　　　　　　　　　&nbsp; &nbsp; &nbsp; &nbsp; &nbsp; &nbsp; &nbsp; &nbsp; &nbsp; &nbsp; &nbsp; &nbsp; &nbsp; &nbsp; &nbsp; &nbsp; &nbsp; &nbsp; &nbsp; &nbsp; &nbsp; &nbsp; &nbsp; &nbsp; &nbsp; &nbsp; &nbsp; &nbsp; &nbsp; &nbsp; &nbsp; &nbsp; &nbsp;&nbsp;<strong>国务院办公厅</strong></span></span></p>\r\n\r\n<p><span style=\"color:#333333\"><span style=\"background-color:#ffffff\">　　　　　　　　　　　　　　　　　　　　　　　　　　　　&nbsp; &nbsp; &nbsp; &nbsp; &nbsp; &nbsp; &nbsp; &nbsp; &nbsp; &nbsp; &nbsp; &nbsp; &nbsp; &nbsp; &nbsp; &nbsp; &nbsp; &nbsp; &nbsp; &nbsp; &nbsp; &nbsp; &nbsp; &nbsp; &nbsp; &nbsp; &nbsp; &nbsp; &nbsp; &nbsp; &nbsp; &nbsp; &nbsp; 2012年7月12日</span></span></p>','2019-10-17 16:33:45.617000',3),(6,'上海黄金交易所竞价交易细则','上海黄金交易所',4,'上海黄金交易所竞价交易细则 \r\n\r\n目 录 第一章 \r\n\r\n总 则 第二章 交易席位与交易编码 \r\n\r\n第三章 上市合约与价格 \r\n\r\n第四章 指令与成交 \r\n\r\n第五章 现货实盘交易与现货即期交易 \r\n\r\n第六章 延期交收交易 \r\n\r\n第七章 附 则','<p><strong>上海黄金交易所竞价交易细则 </strong></p>\r\n\r\n<p><strong>目 录 第一章 </strong></p>\r\n\r\n<p><strong>总 则 第二章 交易席位与交易编码 </strong></p>\r\n\r\n<p><strong>第三章 上市合约与价格 </strong></p>\r\n\r\n<p><strong>第四章 指令与成交 </strong></p>\r\n\r\n<p><strong>第五章 现货实盘交易与现货即期交易 </strong></p>\r\n\r\n<p><strong>第六章 延期交收交易 </strong></p>\r\n\r\n<p><strong>第七章 附 则</strong></p>\r\n\r\n<p>&nbsp;</p>\r\n\r\n<p><strong>第一章 总 则</strong></p>\r\n\r\n<p>第一条 为规范竞价交易行为，维护交易各方的合法权益，根据 《上海黄金交易所章程》和《上海黄金交易所交易规则》制定本细则。</p>\r\n\r\n<p>第二条 上海黄金交易所（以下简称交易所）的竞价交易业务是 指采取自由报价、撮合成交的交易方式，按照价格优先、时间优先的 原则撮合成交的交易业务。交易所为竞价交易提供集中履约担保。</p>\r\n\r\n<p>第三条 交易所、会员、客户及相关工作人员在竞价交易中必须 遵守本细则。</p>\r\n\r\n<p><strong>第二章 交易席位与交易编码</strong></p>\r\n\r\n<p>第四条 交易席位是会员参与交易所交易的业务单元。</p>\r\n\r\n<p>第五条 交易所根据会员类别和权限设置相应的交易席位，并分 配由六位数字组成的席位号。</p>\r\n\r\n<p>第六条 会员因业务发展需要增加交易席位的，可以向交易所提 出申请。交易所根据会员实际情况审批，每家会员交易席位数原则上 不超过三个。</p>\r\n\r\n<p>第七条 交易所按交易席位进行风险控制管理及其他相关管理。</p>\r\n\r\n<p>第八条 一个客户只能开立一个交易所的客户代码。客户代码由 十位数字构成，由交易所统一编制。</p>\r\n\r\n<p>第九条 交易所实行交易编码管理制度，交易编码是客户参与交 易所交易的专用代码，由会员交易席位号和客户代码两部分组成。</p>\r\n\r\n<p>第十条 一个客户可以在多家有业务资质的会员处开户、且一个 客户代码关联的交易席位不超过三个，交易所以会员交易席位号串联 客户代码作为客户在不同交易席位处的交易编码。&nbsp;</p>\r\n\r\n<p>第十一条 客户提供虚假资料或会员协助客户使用虚假资料开 户的，交易所有权责令会员限期平仓，平仓后注销该客户的客户代码， 同时按照《上海黄金交易所违规处理办法》的有关规定处理。</p>\r\n\r\n<p>第十二条 本章关于交易席位和交易编码的规定适用于询价交 易、定价交易、报价交易等其他交易模式。</p>\r\n\r\n<p><strong>第三章 上市合约与价格 </strong></p>\r\n\r\n<p>第十三条 竞价交易上市品种包括黄金（Au）、白银（Ag）、铂金 （Pt）以及其他经中国人民银行批准的品种。</p>\r\n\r\n<p>第十四条 根据交易方式不同，竞价交易合约包括现货实盘合约、 现货即期合约、现货延期交收合约及其他经中国人民银行批准的合约。 现货实盘合约包括：Au50g、Au100g、Au99.99、Au99.95、Au99.5、 PGC30g、Pt99.95、iAu100g、iAu99.99、iAu99.5，其中 iAu100g、 iAu99.99、iAu99.5 为国际板合约； 现货即期合约包括：Ag99.9 和 Ag99.99； 现货延期交收合约包括：Au（T+D）、mAu（T+D）、Au（T+N1）、Au （T+N2）、Ag（T+D）、NYAuTN06、NYAuTN12。 新增合约根据交易所公告执行。</p>\r\n\r\n<p>第十五条 交易所可以根据市场情况，将一段时间内没有交易且 没有持仓的合约设定为不活跃状态，待市场有交易需求时再恢复该合 约的交易。</p>\r\n\r\n<p>第十六条 黄金、铂金的报价单位为人民币元∕克，白银的报价 单位为人民币元∕千克。</p>\r\n\r\n<p>第十七条 竞价交易合约的交易单位为&ldquo;手&rdquo;，报价量必须是&ldquo;一 手&rdquo;的整数倍，不同交易合约每手代表的商品数量，详见《上海黄金 交易所竞价交易合约参数表》（附 1）。</p>\r\n\r\n<p>第十八条 报价应当要素齐全，包括客户交易编码、合约代码、 买卖方向、开/平仓、手数、价格、指令类型等。</p>\r\n\r\n<p>第十九条 交易所对报价指令按照价格优先、时间优先的原则撮 合成交。当买入价大于、等于卖出价则自动撮合成交。撮合成交价等 于买入价（bp）、卖出价（sp）和前一成交价（cp）三者中居中的一个 价格。即： 当 bp&ge;sp&ge;cp，则：最新成交价＝sp bp&ge;cp&ge;sp， 最新成交价＝cp cp&ge;bp&ge;sp， 最新成交价＝bp 开盘价的 cp 为上日收盘价，新挂盘合约的 cp 为挂盘基准价。</p>\r\n\r\n<p>第二十条 现货实盘合约以当日第一笔成交的价格作为开盘价。 现货即期合约和延期交收合约的开盘价通过集合竞价的方式产生，开 盘集合竞价没有产生开盘价的，以当日第一笔成交的价格作为开盘价。</p>\r\n\r\n<p>第二十一条 新上市合约的挂盘基准价由交易所确定并提前公布。 挂盘基准价是确定新合约上市首日交易涨跌停板幅度的依据。</p>\r\n\r\n<p>第二十二条 收盘价是某合约当日最后五笔成交的加权平均价。 收盘价是现货实盘合约计算下一交易日涨跌停板幅度的基准。当 日无成交价格的，以上一交易日的收盘价作为当日收盘价。</p>\r\n\r\n<p>第二十三条 结算价是某合约整个交易日成交价格按成交量的 加权平均价。当日无成交价格的，以上一交易日的结算价作为当日结 算价。 结算价是现货即期合约和延期交收合约计算下一交易日涨跌停 板幅度的基准，是延期交收合约进行当日未平仓合约盈亏结算的依据。 交易所可以根据市场情况调整长期无成交且无持仓合约的结算价。&nbsp;</p>\r\n\r\n<p>第二十四条 交割结算价为现金交割合约在交割结算日用于计 算持仓盈亏，并进行合约持仓了结的基准价格。合约交割结算价按合 约表规定执行。交易所有权根据市场情况对交割结算价进行调整。</p>\r\n\r\n<p>第二十五条 交易行情中的成交量是指某一合约在当日交易期间 成交的双边数量；持仓量是指客户所持有的未平仓延期交收合约的双 边数量；交收量是指某一延期交收合约实物交收配对成功的双边数量。</p>\r\n\r\n<p>第二十六条 会员参与交易所各类合约的交易，应当按交易所的 规定缴纳交易手续费。交易所可以根据市场状况调整不同合约的交易 手续费标准。</p>\r\n\r\n<p><strong>第四章 指令与成交 </strong></p>\r\n\r\n<p>第二十七条 竞价交易指令分为限价指令、市价指令和交易所规 定的其他指令。</p>\r\n\r\n<p>第二十八条 竞价交易指令的报单只能在合约价格限制范围内， 超过价格限制范围的报单为无效报单。交易指令申报经交易所确认后 生效。</p>\r\n\r\n<p>第二十九条 限价指令分为普通限价指令、即时全部成交或撤销 限价指令（下称限价 FOK 指令）和即时成交剩余撤销限价指令（下称 限价 FAK 指令）。 普通限价指令是指按照限定价格或者更优价格成交的指令。 限价 FOK 指令是指限价指令中所有数量必须立即成交，否则将全 部自动撤销的指令。 限价 FAK 指令是指限价指令中无法立即成交的部分自动撤销的 指令。</p>\r\n\r\n<p>第三十条 市价指令是指不限定价格、按照当时市场上可执行的&nbsp; 报单成交的指令。 市价指令分为最优五档即时全部成交或撤销市价指令（下称最优 五档市价 FOK 指令）、最优五档即时成交剩余撤销指令（下称最优五 档市价 FAK 指令）和最优五档即时成交剩余转限价指令。 最优五档市价 FOK 指令，是指不限定价格，在对手方实时最优五 个价位内立即全部成交否则自动撤销的指令。 最优五档市价 FAK 指令是指不限定价格，在对手方实时最优五个 价位内以对手方价格为成交价依次成交，未成交部分自动撤销的指令。 最优五档即时成交剩余转限价指令是指不限定价格，在对手方实 时最优五个价位内以对手方价格为成交价依次成交，未成交的剩余部 分自动转为以最新成交价为委托价格的限价指令的指令。</p>\r\n\r\n<p>第三十一条 交易所的竞价交易采用集合竞价、连续竞价以及交 易所规定的其他方式。 集合竞价是指对在规定时间内接受的买卖申报一次性集中撮合 的竞价方式，连续竞价是指对买卖申报逐笔连续撮合的竞价方式。</p>\r\n\r\n<p>第三十二条 集合竞价时交易所只接受普通限价指令，采用最大 成交量原则，高于集合竞价产生价格的买入申报全部成交；低于集合 竞价产生价格的卖出申报全部成交；等于集合竞价产生的价格的买入 或卖出申报，根据买入申报量和卖出申报量的多少，按少的一方的申 报量成交。</p>\r\n\r\n<p>第三十三条 开盘集合竞价中的未成交申报单自动参与开盘后 的连续竞价交易。</p>\r\n\r\n<p>第三十四条 连续竞价交易按照价格优先、时间优先的原则撮合 成交。当出现涨跌停板时，以停板价格申报的指令，按照平仓优先、 时间优先的原则撮合成交。</p>\r\n\r\n<p>第三十五条 撤单指令只对原报价未成交部分有效，若该笔报价 已全部成交，则该指令无效。在交易暂停期间，交易所不接受任何报 价或撤销报价指令。 第三十六条 会员、客户采取可能影响正常交易秩序或交易所系 统安全的方式下达交易指令的，交易所可以采取相关管理措施。</p>\r\n\r\n<p><strong>第五章 现货实盘交易与现货即期交易 </strong></p>\r\n\r\n<p>第三十七条 现货实盘合约交易，买方报价时必须有全额资金， 卖方报价时交易账户中必须有相应的实物。报价后，对应的资金或实 物即被冻结。 报价成交后，买入的黄金实物可用于当日或以后交易日的卖出， 也可以申请提货；买入的铂金实物不能卖出，只能申请提货；卖出实 物所得货款可用于本交易日内的交易。</p>\r\n\r\n<p>第三十八条 现货实盘合约的大宗交易是指由买卖双方协商确 定成交价格、且成交数量较大的交易。会员可按交易所认可的方式进 行现货实盘合约的大宗交易。</p>\r\n\r\n<p>第三十九条 现货即期交易是指客户在 T+0 日以保证金达成交易， 在 T+2 日以 T+0 日结算价进行实物交割的交易。 （一）客户进行买报价或卖报价时，必须有 20%的保证金。 （二）以成交当日为 T+0 日，日终结算时对买入量和卖出量进行 轧差，轧差后的净头寸按当日结算价冻结 20%的保证金，同时对成交 价与结算价的差额进行结算。在 T+2 交易日日终结算时，按 T+0 日的 结算价，对 T+0 日的净头寸执行实物交割。 （三）交易所对 T+2 日不能履行实物交割的一方按即期合约交割 违约处理，根据违约金比例向违约方收取违约部分的违约金，根据违约金比例向守约方支付被违约部分的补偿金，同时实物交割终止。违 约金比例为 20%。 （四）实物交割后卖方的保证金转换为交付增值税专用发票的担 保金。</p>\r\n\r\n<p><strong>第六章 延期交收交易 </strong></p>\r\n\r\n<p>第四十条 延期交收交易是指以支付保证金的形式在交易所集 中买卖某种延期交收合约的交易活动，延期交收交易可采用现金交 割或者实物交割方式。采用现金交割方式的，客户在交割结算日 根据交割结算价进行现金交割。采用实物交割方式的，客户可以选 择合约成交当日交割，也可以延期交割，同时引入延期补偿费机制来 调节实物供求矛盾。各延期交收合约的交割方式参见《上海黄金交易 所竞价交易合约参数表》（附 1）。</p>\r\n\r\n<p>第四十一条 延期交收交易的报价按买卖方向和开、平仓报价类 型分为：买入开仓、卖出平仓、卖出开仓、买入平仓四种。进行买入 开仓和卖出开仓报价时，按申报价冻结规定比例的保证金；进行买入 平仓和卖出平仓申报时，冻结相应持仓，成交后按平仓数量占客户合 约总持仓数量的比例释放保证金。 买入开仓将增加多头持仓，卖出开仓将增加空头持仓；反之，卖 出平仓将减少已有多头持仓，买入平仓将减少已有空头持仓。</p>\r\n\r\n<p>第四十二条 延期交收合约的平仓顺序，按照先开先平的原则处理。</p>\r\n\r\n<p>第四十三条 交易所分别限定会员席位和客户可持有某延期交 收合约的最大单边持仓数量。当会员席位某一方向的持仓达到该方向 的会员席位限仓上限时，其席位下的所有客户在该方向上只能进行平 仓报价，不能进行开仓报价。 当客户某一方向的合计持仓达到该方向的客户限仓上限时，该客 户在该方向上只能进行平仓报价，不能进行开仓报价。</p>\r\n\r\n<p>第四十四条 延期交收合约的现金交割，由交易所在交割结算日 清算时，以交割结算价为基准，划付持仓双方盈亏，了结所有未平仓 合约。</p>\r\n\r\n<p>第四十五条 延期交收合约的实物交割采用交收申报制度，交收 申报时间参见《上海黄金交易所交易时间明细表》（附 2）。在每日 的交收申报时段，多头持仓可进行收货申报、空头持仓可进行交货申 报。</p>\r\n\r\n<p>第四十六条 客户交收申报时，应按合约最小交收申报量的整数 倍进行申报，最小交收申报量参见《上海黄金交易所竞价交易合约参 数表》（附 1）。交易所系统对交货申报冻结相应的实物,对收货申报 按上一交易日结算价冻结足额货款。交收申报结束前，客户可以撤销 申报。</p>\r\n\r\n<p>第四十七条 延期补偿费是客户延期交收时，为了融通资金或实 物所发生的成本，延期补偿费的支付方向根据交货申报和收货申报的 数量对比情况确定。 当某延期交收合约空头方申报的交货量小于多头方申报的收货 量时，当日延期补偿费支付方向为&ldquo;空付多&rdquo;，结算时该合约的全部 空头持仓，按一一对应的方式向全部的多头持仓支付延期补偿费。 当某延期交收合约空头方申报的交货量大于多头方申报的收货 量时，当日延期补偿费支付方向为&ldquo;多付空&rdquo;，结算时该合约的全部 多头持仓，按一一对应的方式向全部的空头持仓支付延期补偿费。 当交货申报量等于收货申报量时，不发生延期补偿费支付。</p>\r\n\r\n<p>第四十八条 延期补偿费有按日收付和定期收付两种收付方式。 &mdash; 10 &mdash; 按日收付是指合约的延期补偿费在每个交易日收付，收付数量为 从本交易日到下一交易日前的自然日天数（含节假日）。 定期收付是指合约的延期补偿费在指定的延期补偿费收付日收 付，其他交易日不进行延期补偿费收付，收付数量为 1。 延期补偿费=持仓量&times;当日结算价&times;延期补偿费率&times;收付数量 各延期交收合约的延期补偿费收付方式、延期补偿费费率参见 《上海黄金交易所竞价交易合约参数表》（附 1）。 延期补偿费收付方式、延期补偿费率等发生变更的，按照交易所 公告执行。</p>\r\n\r\n<p>第四十九条 当某延期交收合约的交货申报量与收货申报量不 相等、即存在交收申报量差时，通过中立仓申报调节合约实物交收不 平衡的矛盾。</p>\r\n\r\n<p>第五十条 中立仓是客户根据交收申报结果以实物或货款平衡 交收申报量差时生成的持仓。中立仓可获得延期补偿费。当交收申报 的收货量大于交货量时，客户以交实物的形式进行中立仓申报，交货 成功后，按当日结算价生成相应的多头持仓；当交收申报的交货量大 于收货量时，客户以收实物的形式进行中立仓申报，收货成功后，按 当日结算价生成空头持仓。生成中立仓免收手续费。</p>\r\n\r\n<p>第五十一条 客户在中立仓申报时间段内，按照当日交收申报结 果确定的中立仓方向进行中立仓申报，交易所按合约当日结算价冻结 生成反向持仓所需的保证金，同时按申报方向冻结履行实物交收所需 的全额货款或相应实物。中立仓申报时间段参见《上海黄金交易所竞 价交易合约参数表》（附 1）。 中立仓申报量应为最小交收申报量的整数倍。中立仓申报结束前， 客户可以撤销申报。</p>\r\n\r\n<p>第五十二条 交收申报和中立仓申报按时间优先的原则进行集 中撮合配对，配对成功的交收申报和中立仓申报在当日结算时按合约 当日结算价完成实物交割。交收配对成功但结算时没有相应的可用资 金或可用库存，按交割违约处理。</p>\r\n\r\n<p>第五十三条 交易所按合约当日结算价和违约金比例计算违约 金，违约部分不足 1 手按 1 手计。交易所可根据市场情况公布调整延 期交收合约的违约金比例。 如果出现交收申报违约，交易所向违约方收取违约金，向守约方 支付补偿金，同时合约终止。如果中立仓申报违约，交易所向违约方 收取违约金，向守约方支付补偿金，守约方的合约终止；违约方在交 收配对时生成的中立仓依然为有效持仓。</p>\r\n\r\n<p>第五十四条 延期交收合约允许连续持有，直至平仓或完成交收。 交易所可以对连续持有时间超过规定期限的超期持仓征收超期 费。超期费的收取按照交易所相关细则执行。</p>\r\n\r\n<p><strong>第七章 附 则 </strong></p>\r\n\r\n<p>第五十五条 本细则中所称时间均为北京时间，除本细则有明确 的规定外，&ldquo;日&rdquo;均指交易日。</p>\r\n\r\n<p>第五十六条 违反本细则规定的，交易所按照《上海黄金交易所 交易规则》和《上海黄金交易所风险控制管理办法》的有关规定处理。</p>\r\n\r\n<p>第五十七条 本细则以中文书写，任何其他语种和版本之间产生 歧义的，以最近的中文文本为准。</p>\r\n\r\n<p>第五十八条 本细则解释权属于交易所。</p>\r\n\r\n<p>第五十九条 本细则自发布之日起实施。&nbsp;</p>\r\n\r\n<p>&nbsp;</p>','2019-10-17 21:09:29.012000',1),(7,'上海黄金交易所做市商管理办法','上海黄金交易所',0,'为规范上海黄金交易所的做市商业务管理，交易所制定了《上海黄金交易所做市商管理办法》，并已报中国人民银行备案，现予以发布，自发布之日起实施。\r\n\r\n　　本管理办法的英文文本见官方英文网站，仅供参考。如与中文文本不一致，以中文文本为准。','<h2><strong>上海黄金交易所做市商管理办法</strong></h2>\r\n\r\n<p>&nbsp;</p>\r\n\r\n<p><strong>　　第一章 总 则</strong></p>\r\n\r\n<p>&nbsp;</p>\r\n\r\n<p>　　第一条 为规范上海黄金交易所（以下简称&ldquo;交易所&rdquo;）做市商管理，促进市场功能发挥，维护相关市场流动性需求，根据《上海黄金交易所交易规则》的有关规定制定本办法。</p>\r\n\r\n<p>&nbsp;</p>\r\n\r\n<p>　　第二条 本办法中做市商是指经交易所认可，在指定的交易模式及交易合约上，为市场提供可成交买卖报价等服务的机构。</p>\r\n\r\n<p>&nbsp;</p>\r\n\r\n<p>　　第三条 本办法中的交易模式包括竞价交易、询价交易、报价交易等。</p>\r\n\r\n<p>&nbsp;</p>\r\n\r\n<p>　　第四条 本办法适用于交易所做市商的做市及相关活动，交易所、做市商、会员及业务参与机构应当遵守本办法。</p>\r\n\r\n<p>&nbsp;</p>\r\n\r\n<p><strong>　　第二章 做市商资格</strong></p>\r\n\r\n<p>&nbsp;</p>\r\n\r\n<p>　　第五条 交易所可在指定的交易模式及交易合约上引入做市商，并向市场公布。</p>\r\n\r\n<p>&nbsp;</p>\r\n\r\n<p>　　第六条 申请做市商资格的机构应当具备下列条件：</p>\r\n\r\n<p>&nbsp;</p>\r\n\r\n<p>　　（一）净资产不低于5千万元<a href=\"http://news.fx678.com/news/keywords/cny.shtml\" target=\"_blank\">人民币</a>或等额外币；</p>\r\n\r\n<p>&nbsp;</p>\r\n\r\n<p>　　（二）在交易所或其它同类公开市场的交易能力位居前列；</p>\r\n\r\n<p>&nbsp;</p>\r\n\r\n<p>　　（三）具有专门机构和人员负责做市交易，做市人员应当熟悉相关法律法规和交易所业务规则；</p>\r\n\r\n<p>&nbsp;</p>\r\n\r\n<p>　　（四）具有健全的做市交易实施方案、内部管控制度和风险管理制度；</p>\r\n\r\n<p>&nbsp;</p>\r\n\r\n<p>　　（五）拥有具备做市功能的交易系统及其他基础设施；确保自身具有足够的连续做市能力以及风险承担能力；</p>\r\n\r\n<p>&nbsp;</p>\r\n\r\n<p>　　（六）有较强的<a href=\"http://www.otcbeta.com/portal.php?mod=list&amp;catid=10\" target=\"_blank\">贵金属</a>市场研究和分析能力；</p>\r\n\r\n<p>&nbsp;</p>\r\n\r\n<p>　　（七）最近三年无重大违法违规记录；</p>\r\n\r\n<p>&nbsp;</p>\r\n\r\n<p>　　（八）交易所规定的其他条件。</p>\r\n\r\n<p>&nbsp;</p>\r\n\r\n<p>　　第七条 申请做市商资格的机构应当提供下列书面材料：</p>\r\n\r\n<p>&nbsp;</p>\r\n\r\n<p>　　（一）上海黄金交易所做市商资格申请表；（附件一）</p>\r\n\r\n<p>&nbsp;</p>\r\n\r\n<p>　　（二）营业执照复印件（加盖单位公章）；</p>\r\n\r\n<p>&nbsp;</p>\r\n\r\n<p>　　（三）做市业务的内部管理制度、操作规程及风控管理办法；</p>\r\n\r\n<p>&nbsp;</p>\r\n\r\n<p>　　（四）做市交易部门情况说明（包括相关人员履历、岗位设置、职责划分等）；</p>\r\n\r\n<p>&nbsp;</p>\r\n\r\n<p>　　（五）做市交易技术系统情况说明；</p>\r\n\r\n<p>&nbsp;</p>\r\n\r\n<p>　　（六）申请时上一年度在交易所或同类市场的交易情况报告；</p>\r\n\r\n<p>&nbsp;</p>\r\n\r\n<p>　　（七）最近三年无重大违法违规记录说明；</p>\r\n\r\n<p>&nbsp;</p>\r\n\r\n<p>　　（八）经审计的最近一期财务会计报告复印件（加盖单位公章）；</p>\r\n\r\n<p>&nbsp;</p>\r\n\r\n<p>　　（九）交易所要求提供的其他材料。</p>\r\n\r\n<p>&nbsp;</p>\r\n\r\n<p>　　第八条 申请经交易所批准后，涉及协议签署的，申请人应当自收到交易所通知之日起 10 个交易日内，与交易所签订相关交易模式及交易合约的做市商协议（以下简称协议），取得相应的做市商资格。</p>\r\n\r\n<p>&nbsp;</p>\r\n\r\n<p>　　第九条 做市商有下列情形之一的，交易所可以取消其在某一交易合约上的做市商资格：</p>\r\n\r\n<p>&nbsp;</p>\r\n\r\n<p>　　（一）未完成协议中约定的做市义务；</p>\r\n\r\n<p>&nbsp;</p>\r\n\r\n<p>　　（二）不再满足本办法第六条规定的做市商资格条件；</p>\r\n\r\n<p>&nbsp;</p>\r\n\r\n<p>　　（三）交易所认定或者协议约定的其他情形。</p>\r\n\r\n<p>&nbsp;</p>\r\n\r\n<p>　　第十条 做市商有下列情形之一的，交易所可以取消其在所有交易模式及交易合约的做市商资格：</p>\r\n\r\n<p>&nbsp;</p>\r\n\r\n<p>　　（一）存在重大违法违规行为；</p>\r\n\r\n<p>&nbsp;</p>\r\n\r\n<p>　　（二）被列为市场禁止进入者；</p>\r\n\r\n<p>&nbsp;</p>\r\n\r\n<p>　　（三）依法被收购、兼并、撤销、解散或者宣告破产；</p>\r\n\r\n<p>&nbsp;</p>\r\n\r\n<p>　　（四）向交易所提交虚假材料；</p>\r\n\r\n<p>&nbsp;</p>\r\n\r\n<p>　　（五）交易所认定或者协议约定的其他情形。</p>\r\n\r\n<p>&nbsp;</p>\r\n\r\n<p>　　第十一条 做市商放弃做市商资格，应当提前二个月向交易所提出申请。</p>\r\n\r\n<p>&nbsp;</p>\r\n\r\n<p>　　第十二条 做市商放弃或者被取消做市商资格的，自交易所通知其失去资格之日起，其与交易所签订的协议自动终止。</p>\r\n\r\n<p>&nbsp;</p>\r\n\r\n<p><strong>　　第三章 做市交易</strong></p>\r\n\r\n<p>&nbsp;</p>\r\n\r\n<p>　　第十三条 交易所做市商按交易模式分类主要包括：</p>\r\n\r\n<p>&nbsp;</p>\r\n\r\n<p>　　（一）竞价市场做市商。是指在竞价市场合约中进行买卖报价，以增强交易流动性的机构。</p>\r\n\r\n<p>&nbsp;</p>\r\n\r\n<p>　　（二）询价市场做市商。是指在询价市场持续提供买、卖双边可成交报价的机构。</p>\r\n\r\n<p>&nbsp;</p>\r\n\r\n<p>　　（三）报价市场做市商。是指在交易时间内，为报价市场合约提供连续双边报价的机构。</p>\r\n\r\n<p>&nbsp;</p>\r\n\r\n<p>　　第十四条 报价市场做市商应当使用专用交易席位开展报价业务。</p>\r\n\r\n<p>&nbsp;</p>\r\n\r\n<p>　　第十五条 竞价市场和报价市场合约的报价内容包括合约代码、买入价、卖出价和价格对应的可成交数量。</p>\r\n\r\n<p>&nbsp;</p>\r\n\r\n<p>　　第十六条 市场出现下列情形之一的，做市商可以不履行双边报价义务：</p>\r\n\r\n<p>&nbsp;</p>\r\n\r\n<p>　　（一）交易合约出现涨跌停板时；</p>\r\n\r\n<p>&nbsp;</p>\r\n\r\n<p>　　（二）交易所认定的其他情形。</p>\r\n\r\n<p>&nbsp;</p>\r\n\r\n<p>　　以上情形消失后，做市商应当继续进行双边报价。</p>\r\n\r\n<p>&nbsp;</p>\r\n\r\n<p><strong>　　第四章 权利和义务</strong></p>\r\n\r\n<p>&nbsp;</p>\r\n\r\n<p>　　第十七条 做市商享有以下一个或多个权利：</p>\r\n\r\n<p>&nbsp;</p>\r\n\r\n<p>　　（一） 交易手续费减收；</p>\r\n\r\n<p>&nbsp;</p>\r\n\r\n<p>　　（二） 日内报单、撤单、大额报撤单笔数不做限制；</p>\r\n\r\n<p>&nbsp;</p>\r\n\r\n<p>　　（三） 产品合作与创新支持；</p>\r\n\r\n<p>&nbsp;</p>\r\n\r\n<p>　　（四） 交易所认定或者协议中约定的其他权利。</p>\r\n\r\n<p>&nbsp;</p>\r\n\r\n<p>　　第十八条 做市商应履行以下一个或多个义务：</p>\r\n\r\n<p>&nbsp;</p>\r\n\r\n<p>　　（一） 连续报价，维持市场买卖价格与流动性；</p>\r\n\r\n<p>&nbsp;</p>\r\n\r\n<p>　　（二） 回应报价；</p>\r\n\r\n<p>&nbsp;</p>\r\n\r\n<p>　　（三） 满足单笔报价量要求；</p>\r\n\r\n<p>&nbsp;</p>\r\n\r\n<p>　　（四） 满足连续报价时长要求；</p>\r\n\r\n<p>&nbsp;</p>\r\n\r\n<p>　　（五） 交易所认定或者协议约定的其他义务。</p>\r\n\r\n<p>&nbsp;</p>\r\n\r\n<p>　　第十九条 做市商因异常情况无法履行做市义务，或拟提前终止协议时，应当提前二个月向交易所提交书面报告并说明原因。</p>\r\n\r\n<p>&nbsp;</p>\r\n\r\n<p>　　第二十条 对于提前终止协议的做市商，交易所将取消其做市商资格，并在三年内不再接受其做市商资格申请。</p>\r\n\r\n<p>&nbsp;</p>\r\n\r\n<p><strong>　　第五章 监督管理</strong></p>\r\n\r\n<p>&nbsp;</p>\r\n\r\n<p>　　第二十一条 做市商不得进行内幕交易、市场操纵、欺诈等违法违规行为，或者谋取其他不正当利益。</p>\r\n\r\n<p>&nbsp;</p>\r\n\r\n<p>　　第二十二条 交易所可以按交易模式及交易合约，对做市商做市情况进行评价、排名和调整，并对相关情况进行公布。交易所根据协议约定，对做市商的做市效果进行定期考评。</p>\r\n\r\n<p>&nbsp;</p>\r\n\r\n<p>　　第二十三条 对于未按交易所规定及协议约定履行做市义务的做市商，交易所可以采取以下措施：</p>\r\n\r\n<p>&nbsp;</p>\r\n\r\n<p>　　（一） 口头提醒；</p>\r\n\r\n<p>&nbsp;</p>\r\n\r\n<p>　　（二） 书面通知，限期整改；</p>\r\n\r\n<p>&nbsp;</p>\r\n\r\n<p>　　（三） 终止协议，取消做市商资格；</p>\r\n\r\n<p>&nbsp;</p>\r\n\r\n<p>　　（四） 交易所认定的其他措施。</p>\r\n\r\n<p>&nbsp;</p>\r\n\r\n<p>　　第二十四条 对存在违规交易行为的做市商，交易所可根据掌握的情况，取消其做市商资格，并依据交易所相关规定进行处罚。</p>\r\n\r\n<p>&nbsp;</p>\r\n\r\n<p>　　第二十五条 做市商应当建立健全的信息技术管理制度及应急处理机制，及时向交易所报告做市技术系统开发、测试、接入和升级等变化情况，并按照交易所要求参与相关测试工作。</p>\r\n\r\n<p>&nbsp;</p>\r\n\r\n<p>　　第二十六条 做市商需按交易所要求，定期或不定期提交市场运行和做市情况报告。</p>\r\n\r\n<p>&nbsp;</p>\r\n\r\n<p>　　第二十七条 交易所可以对做市商的风险管理、交易行为、系统运行以及经营、资信、重大事项变更等情况进行监督和检查，做市商应当予以协助和配合。</p>\r\n\r\n<p>&nbsp;</p>\r\n\r\n<p><strong>　　第六章 附则</strong></p>\r\n\r\n<p>&nbsp;</p>\r\n\r\n<p>　　第二十八条 本办法未尽事项按照交易所相关制度执行。</p>\r\n\r\n<p>&nbsp;</p>\r\n\r\n<p>　　第二十九条 银行间黄金询价市场做市商按照《银行间黄金询价市场做市商管理办法》执行。</p>\r\n\r\n<p>&nbsp;</p>\r\n\r\n<p>　　第三十条 各交易模式可根据自身业务特点制定有关业务细则。</p>\r\n\r\n<p>&nbsp;</p>\r\n\r\n<p>　　第三十一条 本办法解释权属于上海黄金交易所。</p>\r\n\r\n<p>&nbsp;</p>\r\n\r\n<p>　　第三十二条 本办法自公布之日起施行。</p>','2019-10-17 21:24:08.754000',1),(8,'上海黄金交易所熊猫普制金币交易细则','上海黄金交易所',1,'上海黄金交易所熊猫普制金币交易细则\r\n\r\n第一章 总则\r\n\r\n第二章 市场准入\r\n\r\n第三章 品种与合约\r\n\r\n第四章 上市\r\n\r\n第五章 交易\r\n\r\n第六章 清算、结算\r\n\r\n第七章 交割\r\n\r\n第八章 发票管理\r\n\r\n第九章 附则','<p>上海黄金交易所熊猫普制金币交易细则</p>\r\n\r\n<p>第一章 总则</p>\r\n\r\n<p>第二章 市场准入</p>\r\n\r\n<p>第三章 品种与合约</p>\r\n\r\n<p>第四章 上市</p>\r\n\r\n<p>第五章 交易</p>\r\n\r\n<p>第六章 清算、结算</p>\r\n\r\n<p>第七章 交割</p>\r\n\r\n<p>第八章 发票管理</p>\r\n\r\n<p>第九章 附则</p>\r\n\r\n<p>&nbsp;</p>\r\n\r\n<p>第一章 总则</p>\r\n\r\n<p>第一条 为规范上海黄金交易所（以下简称交易所）熊猫普制金币交易，维护交易各方的合法权益，根据《上海黄金交易所交易规则》、《上海黄金交易所竞价交易细则》制定本细则。</p>\r\n\r\n<p>第二条 熊猫普制金币交易是指在交易所交易平台上采用竞价撮合交易方式进行熊猫普制金币交易的业务。交易所为熊猫普制金币交易提供集中履约担保。</p>\r\n\r\n<p>第三条 交易所、会员、客户及相关工作人员参与熊猫普制金币交易时必须遵守本细则。</p>\r\n\r\n<p>&nbsp;</p>\r\n\r\n<p>第二章 市场准入</p>\r\n\r\n<p>第四条 个人客户及符合条件的会员单位和机构客户，可以参与熊猫普制金币的买卖交易，其他会员单位和机构客户只能购买熊猫普制金币后提货，不能在交易所平台卖出。</p>\r\n\r\n<p>第五条 符合条件的会员单位和机构客户是指符合国家税务总局公告 2013 年第 6 号《熊猫普制金币免征增值税管理办法（试行）》的纳税人。如有其他规定，另行公告通知。</p>\r\n\r\n<p>第六条 机构客户参与熊猫普制金币交易须由会员代理，个人客户参与熊猫普制金币交易须由具备个人代理资格的金融类会员代理。</p>\r\n\r\n<p>&nbsp;</p>\r\n\r\n<p>第三章 品种与合约</p>\r\n\r\n<p>第七条 熊猫普制金币上市交易品种为中国人民银行发行，属于国家法定货币的熊猫普制金币。</p>\r\n\r\n<p>第八条 熊猫普制金币交易不区分发行年份和版别，规格相同但发行年份和版别不同的熊猫普制金币间无差异，在同一合约中交易。</p>\r\n\r\n<p>第九条 熊猫普制金币交易的合约名称为：熊猫金币 30克，合约代码为：PGC30g。</p>\r\n\r\n<p>第十条 交易所可根据市场需要，新增挂牌其他规格熊猫普制金币合约，新增合约根据交易所公告执行。</p>\r\n\r\n<p>第十一条 熊猫普制金币合约的报价单位为人民币元/克，最小变动价位为 0.01 元。合约交易单位为&ldquo;手&rdquo;，每手为 30 克。</p>\r\n\r\n<p>第十二条 其他合约参数：最大单笔报价量、最小单笔报价量、交易时间、结算方式、交割品种、交割方式、交割时间、交割地点、交易手续费、交割费等详见合约参数表，交</p>\r\n\r\n<p>易所可通过公告对合约参数进行调整。</p>\r\n\r\n<p>&nbsp;</p>\r\n\r\n<p>第四章 上市</p>\r\n\r\n<p>第十三条 熊猫普制金币由中国人民银行发行，中国金币总公司总经销。</p>\r\n\r\n<p>第十四条 中国金币总公司及其子公司可通过交易所系统采用大宗交易等方式向熊猫普制金币授权经销商和授权商业银行销售熊猫普制金币。</p>\r\n\r\n<p>第十五条 中国金币总公司及其子公司通过交易所系统销售的熊猫普制金币可在交易所上市交易。</p>\r\n\r\n<p>第十六条 中国金币总公司及其子公司通过交易所系统销售熊猫普制金币后，熊猫普制金币授权经销商和授权商业银行可将获得的熊猫普制金币立即用于上市交易，中国金币总公司及其子公司也可直接参与熊猫普制金币上市交易。</p>\r\n\r\n<p>&nbsp;</p>\r\n\r\n<p>第五章 交易</p>\r\n\r\n<p>第十七条 熊猫普制金币合约采用竞价撮合交易方式，交易所按照价格优先、时间优先的原则对买卖双方的报单进行撮合成交。</p>\r\n\r\n<p>第十八条 熊猫普制金币合约的交易时间为每周一至周五交易所竞价交易时间（交易所公告休市日除外），具体按照合约参数表执行。交易所可以根据市场发展需要调整并公告交易时间。</p>\r\n\r\n<p>第十九条 交易时，交易所实时冻结买方全额资金和卖方相应的熊猫普制金币实物库存。成交后，卖出熊猫普制金币所得货款可用于本交易日内的交易；买入的熊猫普制金币可用于当日或以后交易日的卖出，也可以申请提货。</p>\r\n\r\n<p>第二十条 熊猫普制金币合约以当日第一笔成交的价格作为开盘价；以当日最后五笔成交的加权平均价作为收盘价。收盘价是计算下一交易日涨跌停板幅度的基准。当日无成交价格的，以上一交易日的收盘价作为当日收盘价。</p>\r\n\r\n<p>第二十一条 会员参与熊猫普制金币合约交易，应当按交易所的规定缴纳交易手续费。交易所可以根据市场状况调整交易手续费标准。</p>\r\n\r\n<p>&nbsp;</p>\r\n\r\n<p>第六章 清算、结算</p>\r\n\r\n<p>第二十二条 交易所对熊猫普制金币合约交易按照&ldquo;集中、净额、分级&rdquo;的原则进行清算。</p>\r\n\r\n<p>第二十三条 交易所根据交易结果对会员的货款、手续费等应收或应付资金及会员或客户的应收或应付熊猫普制金币实物进行清算。</p>\r\n\r\n<p>第二十四条 熊猫普制金币合约交易与交易所其它交易品种实行同一资金账户管理。</p>\r\n\r\n<p>第二十五条 有关清算、结算的其它规定，参照《上海黄金交易所结算细则》。</p>\r\n\r\n<p>&nbsp;</p>\r\n\r\n<p>第七章 交割</p>\r\n\r\n<p>第二十六条 熊猫普制金币合约的交割品种为由中国人民银行发行属于国家法定货币的熊猫普制金币。熊猫金币 30克合约的交割品种为标准重量 30 克、成色为 99.9%的熊猫普制金币。</p>\r\n\r\n<p>第二十七条 会员及客户参与熊猫普制金币合约交易，实物交割时间为成交时间，实物交割量为买入、卖出成交量。</p>\r\n\r\n<p>第二十八条 交易所设立熊猫普制金币指定仓库为会员、客户提供熊猫普制金币的实物交割、仓储、出入库等相关服务。</p>\r\n\r\n<p>第二十九条 熊猫普制金币出入库实行&ldquo;定库存货、定库取货&rdquo;原则，交易所不进行实物调运。</p>\r\n\r\n<p>第三十条 熊猫普制金币的入库手续必须由中国金币总公司及其子公司在交易所已备案的指定存货人员参加办理。中国金币总公司及其子公司须确保存入实物质量符合中国人民银行制定的《贵金属纪念币 金币》行业标准。</p>\r\n\r\n<p>第三十一条 会员及客户参与熊猫普制金币合约交易成交后即可申请提货，熊猫金币 30 克合约的最小提货量为 30克，且申请提货量为 30 克的整数倍。</p>\r\n\r\n<p>第三十二条 熊猫普制金币入库手续根据《上海黄金交易所交割细则》执行，出库手续根据交易所公告执行。</p>\r\n\r\n<p>第三十三条 会员及客户参与熊猫普制金币交割及出入库业务需缴纳仓储费、出入库费等费用，收费标准按照《上海黄金交易所交割细则》有关规定执行。</p>\r\n\r\n<p>&nbsp;</p>\r\n\r\n<p>第八章 发票管理</p>\r\n\r\n<p>第三十四条 交易所对熊猫普制金币的买方（企业）按照实际成交价格每月定期集中开具增值税普通发票（以下简称普通发票）。</p>\r\n\r\n<p>第三十五条 普通发票由交易所向会员单位交付，会员单位须授权专人收取，会员单位代理客户的普通发票由会员单位转交。</p>\r\n\r\n<p>&nbsp;</p>\r\n\r\n<p>第九章 附则</p>\r\n\r\n<p>第三十六条 本细则未尽事项按交易所相关规则和细则执行。</p>\r\n\r\n<p>第三十七条 本细则以中文书写，任何其他语种和版本之间产生歧义的，以最近的中文文本为准。</p>\r\n\r\n<p>第三十八条 本细则解释权属于交易所。</p>\r\n\r\n<p>第三十九条 本细则自发布之日起实施。</p>','2019-10-17 21:26:28.651000',1),(9,'关于清算顺序及违约处理逻辑的说明','上海黄金交易所',1,'上金所挂牌合约类型较多，清算逻辑较为复杂。为避免会员和客户因对规则不了解而产生违约，现将清算顺序及违约判断规则详细说明如下：','<p>各会员单位和客户：</p>\r\n\r\n<p>上金所挂牌合约类型较多，清算逻辑较为复杂。为避免会员和客户因对规则不了解而产生违约，现将清算顺序及违约判断规则详细说明如下：</p>\r\n\r\n<ol>\r\n	<li><strong>总体清算顺序</strong></li>\r\n</ol>\r\n\r\n<p>&nbsp;&nbsp;&nbsp;&nbsp;上金所每日按现货实盘清算、逐日盯市清算、交割清算、费用清算的顺序，分环节对会员进行清算。其中：</p>\r\n\r\n<ol>\r\n	<li style=\"list-style-type:none\">\r\n	<ol>\r\n		<li>现货实盘清算环节，对黄金、铂金现货实盘合约以当日成交顺序进行实物、货款清算。</li>\r\n		<li>逐日盯市清算环节，对现货即期、现货延期交收、集中定价等保证金类型持仓合约，按上述分类顺序依次进行交易保证金、盈亏清算。</li>\r\n		<li>交割清算环节，对现货即期、现货延期交收、集中定价、信用型询价等申报交收或到期合约，按上述分类顺序依次进行交割清算。其中，在同类型合约中，按黄金、白银品种顺序进行交割清算；在同品种合约中，按照合约代码字母顺序进行交割清算。</li>\r\n		<li>费用清算环节，对会员交易手续费、仓储费、延期补偿费、违约金等进行清算。</li>\r\n	</ol>\r\n	</li>\r\n	<li><strong>违约判断逻辑</strong>\r\n	<ol>\r\n		<li>在交割清算环节，依上述交割清算顺序对每笔交割合约进行违约判断。前序合约交割获得的实物、货款，可用于后序合约交割。若实物或货款不足，将构成违约，违约金在费用清算环节计算。例：A客户在Au(T+D)交货收到的货款，可用于Au(T+N1)及之后合约的收货。当A客户在Au(T+D)交货由于对手违约导致没有交割成功，不能收到足额货款，可能会造成A客户在其后合约收货清算时发生违约。</li>\r\n		<li>客户参与交割时，应注意替代交割可能产生的交割违约风险。例：Au（T+D）合约的基准交割标的为标准重量3千克、成色不低于99.95%的金锭（Au99.95），可替代交割品为标准重量1千克、成色不低于99.99%的金锭（Au99.99），因此Au(T+D)收货得到的实物可能全部是Au99.95，或者部分Au99.95部分Au99.99，或者全部是Au99.99。若计划把Au(T+D)收货得到的实物用于后序交割合约（如Au(T+N1)等）交货，可能会产生Au(T+D)合约没有收到足够Au99.99而导致交割违约的情况。</li>\r\n		<li>对于现货即期合约和集中定价合约，同一个客户在同一合约上既有买入又有卖出成交的，当日清算时，上金所对该客户的当日成交多空轧差后生成预交割单，并对交割日为当日的预交割单进行交割清算。</li>\r\n		<li>现货延期交收合约通过交割申报进行交割申请时，同一个客户在同一合约上既有交货申报又有收货申报，交割数量不轧差，将分别依序进行交割清算。</li>\r\n	</ol>\r\n	</li>\r\n	<li><strong>充抵业务处理</strong></li>\r\n</ol>\r\n\r\n<p>充抵保证金业务登记在交割清算环节前处理，冻结相应有价物（库存等），增加充抵额度（资金）。充抵保证金业务撤销在交割清算环节后处理，解冻相应有价物，收回充抵额度。</p>\r\n\r\n<p>&nbsp;&nbsp;</p>\r\n\r\n<p>&nbsp;&nbsp;&nbsp;&nbsp;&nbsp;&nbsp;&nbsp;&nbsp;&nbsp;&nbsp;&nbsp;&nbsp;&nbsp;&nbsp;&nbsp;&nbsp;&nbsp;&nbsp;&nbsp;&nbsp;&nbsp;&nbsp;&nbsp;&nbsp;&nbsp;&nbsp;&nbsp;&nbsp;&nbsp;&nbsp;&nbsp;&nbsp;&nbsp;&nbsp;&nbsp;<strong>上海黄金交易所</strong></p>\r\n\r\n<p>&nbsp;&nbsp;&nbsp;&nbsp;&nbsp;&nbsp;&nbsp;&nbsp;&nbsp;&nbsp;&nbsp;&nbsp;&nbsp;&nbsp;&nbsp;&nbsp;&nbsp;&nbsp;&nbsp;&nbsp;&nbsp;&nbsp;&nbsp;&nbsp;&nbsp;&nbsp;&nbsp;&nbsp;&nbsp;&nbsp;&nbsp;&nbsp;&nbsp;&nbsp;二0一九年九月一日</p>','2019-10-17 21:45:25.935000',2),(10,'上海黄金交易所最低结算准备金管理办法','上海黄金交易所',2,'为规范上海黄金交易所（以下简称交易所）市场结算行为， 防范和化解潜在风险，根据《上海黄金交易所结算细则》、《上海黄金 交易所风险控制管理办法》制定本办法。','<h3><strong>上海黄金交易所 最低结算准备金管理办法</strong></h3>\r\n\r\n<p><strong>目 录 </strong></p>\r\n\r\n<p><strong>第一章 总则 </strong></p>\r\n\r\n<p><strong>第二章 标准设定 </strong></p>\r\n\r\n<p><strong>第三章 监督管理</strong></p>\r\n\r\n<p><strong>第四章 附则&nbsp;</strong></p>\r\n\r\n<p><strong>第一章 总则 </strong></p>\r\n\r\n<p>第一条 为规范上海黄金交易所（以下简称交易所）市场结算行为， 防范和化解潜在风险，根据《上海黄金交易所结算细则》、《上海黄金 交易所风险控制管理办法》制定本办法。</p>\r\n\r\n<p>第二条 最低结算准备金是指会员按规定应在其席位上留存的结算 准备金最低余额标准。</p>\r\n\r\n<p>第三条 最低结算准备金主要用于风险控制和未了费用结算，会员 应以自有资金每日足额维持。 第四条 交易所、由交易所提供结算服务的会员（以下简称会员） 必须遵守本办法。</p>\r\n\r\n<p><strong>第二章 标准设定 </strong></p>\r\n\r\n<p>第五条 交易所按照席位类型设定会员席位初始最低结算准备金， 并在此基础上，根据会员申请的业务类型、业务规模等情况提高其席 位最低结算准备金。</p>\r\n\r\n<p>第六条 自营席位和代理席位初始最低结算准备金分别为 20 万元 和 50 万元。</p>\r\n\r\n<p>第七条 会员根据业务发展需要可申请调整限仓额度，交易所依据 会员席位的交易量、历史持仓、代理客户数、风控水平、经营状况和 财务状况等情况进行审核，并综合市场风险状况给出审批意见。</p>\r\n\r\n<p>第八条 会员获准调整限仓额度的，交易所按照会员限仓额度超出 规定标准的情况，相应提高其席位最低结算准备金，上限为500万元。 其中，黄金延期交收合约申请限额每超出标准限仓额度1吨，则最低结 算准备金相应提高 10 万元；白银延期交收合约申请限额每超出标准限 仓额度 10 吨，则最低结算准备金相应提高 5 万元。&nbsp;&nbsp;</p>\r\n\r\n<p>第九条 会员开展日间信用交易的，交易所根据会员业务规模和风 险水平，相应提高其席位最低结算准备金。</p>\r\n\r\n<p>第十条 日间信用交易是指在交易过程中，交易所不查验会员席位 资金，由会员负责其代理客户的资金控制，并于当日日终结算时补足 相应席位资金敞口的业务模式。</p>\r\n\r\n<p>第十一条 交易所根据审慎原则审批会员日间信用交易资格。 申请日间信用交易资格的会员应当具备下列条件：</p>\r\n\r\n<p>（一）具有交易所代理个人业务资格；</p>\r\n\r\n<p>（二）最近 3 年内无重大违法违规行为，且系统运行稳定，未发 生过重大事故及未受到过监管机构的重大行政处罚；</p>\r\n\r\n<p>（三）无严重影响其资信状况的未决诉讼和未清偿债务；</p>\r\n\r\n<p>（四）设有专人专岗负责日间信用交易的资金管理；</p>\r\n\r\n<p>（五）交易所规定的其他条件。</p>\r\n\r\n<p>第十二条 会员申请日间信用交易资格应当提交以下预审材料并 加盖公章：</p>\r\n\r\n<p>（一）日间信用交易资格申请表、申请报告及业务计划书；</p>\r\n\r\n<p>（二）日间信用交易的内部管理制度以及相关的应急处理预案； 日间信用交易主管部门的岗位设置和职责规定，主管部门负责人和主 要业务人员简历，以及取得黄金交易员资格的人员名册；</p>\r\n\r\n<p>（三）最新年检的《企业法人营业执照》复印件；</p>\r\n\r\n<p>（四）企业法人的授权书及经办人员的身份证明文件；</p>\r\n\r\n<p>（五）最近 3 年的审计报告以及内部控制评价报告；</p>\r\n\r\n<p>（六）交易所要求提供的其他文件。</p>\r\n\r\n<p>第十三条 交易所在每季度的第 5 个交易日，重新计算取得日间 信用交易资格的会员其席位所应提高的最低结算准备金。 计算公式如下： 日间信用交易最低结算准备金=MAX[（最近3个月日均买入货款+最 近3个月日均持仓保证金金额）&times;风险比例，10,000,000.00]，四舍五 入至万元。 其中，银行业金融机构会员风险比例为 15%，非银行业金融机构会 员风险比例为 20%。</p>\r\n\r\n<p>第十四条 交易所可以根据市场风险状况对部分或全部会员席位 最低结算准备金适时进行调整：</p>\r\n\r\n<p>（一）调整最低结算准备金计算方法或参数，并据此重新设定会 员最低结算准备金；</p>\r\n\r\n<p>（二）调整日间信用交易最低结算准备金的重设时间；</p>\r\n\r\n<p>（三）在市场价格异常波动等特殊情况下，计算交易所面临的风 险，相应调整会员最低结算准备金，并要求会员在特定时间内追加保 证金；</p>\r\n\r\n<p>（四）交易所认为必要的其他调整方法。</p>\r\n\r\n<p><strong>第三章 监督管理 </strong></p>\r\n\r\n<p>第十五条 最低结算准备金可用于完成结算，但不能用于交易。</p>\r\n\r\n<p>第十六条 每日日终结算时，会员席位结算准备金余额低于规定 最低结算准备金的，该结果即视为交易所向会员发出的追加保证金通 知，追加保证金金额为两者的差额。</p>\r\n\r\n<p>第十七条 会员结算准备金不足，且未在规定时间内补足的，交 易所将按《上海黄金交易所风险控制管理办法》采取相关风险控制措 施。</p>\r\n\r\n<p>第十八条 采取风险控制措施后仍不能补足会员席位资金敞口的， 交易所可以暂停会员相关业务。如影响交易所与其他会员正常结算的， 会员还应当承担相关损失。</p>\r\n\r\n<p>第十九条 会员被交易所暂停相关业务的，应当在交易所要求期 限内进行整改。交易所认为会员整改有效、重新具备正常开展相关业 务能力的，可恢复其相关业务。</p>\r\n\r\n<p>第二十条 交易所可以定期对会员最低结算准备金状况及其相应 业务进行评估检查，会员应当予以配合。</p>\r\n\r\n<p>第二十一条 交易所认为会员业务规模和风险控制能力不足的，可 以对会员席位的限仓额度进行重新审定，同时对其席位最低结算准备 金进行相应调整。</p>\r\n\r\n<p>第二十二条 会员出现以下情况之一的，交易所可以取消其日间信 用交易资格，同时对其席位最低结算准备金进行相应调整：</p>\r\n\r\n<p>（一）申请取消日间信用交易资格；</p>\r\n\r\n<p>（二）不再满足日间信用交易条件；</p>\r\n\r\n<p>（三）检查结果不合格，且经过规定的整改期后仍不合格；</p>\r\n\r\n<p>（四）向交易所提供虚假材料信息；</p>\r\n\r\n<p>（五）一年内三次违约；</p>\r\n\r\n<p>（六）交易所认为该会员存在重大风险隐患；</p>\r\n\r\n<p>（七）交易所认定的其他情况。</p>\r\n\r\n<p>第二十三条 当交易所决定取消会员相关业务资格时，交易所将提 前 10 个交易日向该会员发出取消通知。 第二十四条 被交易所取消日间信用交易资格的会员，自取消之日 起 3 年内不得再申请该业务。&nbsp;</p>\r\n\r\n<p><strong>第四章 附则 </strong></p>\r\n\r\n<p>第二十五条 本办法未尽事项按照交易所相关规则执行。</p>\r\n\r\n<p>第二十六条 本办法中所称&ldquo;日&rdquo;均指交易日。</p>\r\n\r\n<p>第二十七条 本办法解释权属于交易所。</p>\r\n\r\n<p>第二十八条 本办法自 2018 年 12 月 20 日起施行。</p>','2019-10-17 21:52:07.570000',2),(11,'上海黄金交易所交割细则','上海黄金交易所',2,'上海黄金交易所交割细则 (修订稿)\r\n\r\n目 录 \r\n\r\n第一章 总 则 \r\n\r\n第二章 实物账户体系 \r\n\r\n第三章 实物交割 \r\n\r\n第四章 入 库 \r\n\r\n第五章 出 库 \r\n\r\n第六章 质押、租借、库存互换、黄金 ETF 等实物过户业务 第\r\n\r\n七章 费 用 \r\n\r\n第八章 溢短结算 \r\n\r\n第九章 质量纠纷处理 \r\n\r\n第十章 USB-KEY 管理 \r\n\r\n第十一章 附 则','<h3><strong>上海黄金交易所交割细则 (修订稿)</strong></h3>\r\n\r\n<h3><strong>目 录 </strong></h3>\r\n\r\n<h3><strong>第一章 总 则 </strong></h3>\r\n\r\n<h3><strong>第二章 实物账户体系 </strong></h3>\r\n\r\n<h3><strong>第三章 实物交割 </strong></h3>\r\n\r\n<h3><strong>第四章 入 库 </strong></h3>\r\n\r\n<h3><strong>第五章 出 库 </strong></h3>\r\n\r\n<h3><strong>第六章 质押、租借、库存互换、黄金 ETF 等实物过户业务 第</strong></h3>\r\n\r\n<h3><strong>七章 费 用 </strong></h3>\r\n\r\n<h3><strong>第八章 溢短结算 </strong></h3>\r\n\r\n<h3><strong>第九章 质量纠纷处理 </strong></h3>\r\n\r\n<h3><strong>第十章 USB-KEY 管理 </strong></h3>\r\n\r\n<h3><strong>第十一章 附 则 </strong></h3>\r\n\r\n<p><strong>&nbsp;第一章 总 则 </strong></p>\r\n\r\n<p>第一条 为规范上海黄金交易所（以下简称交易所）实物交割管 理工作，维护交易当事人合法权益，确保实物交割仓储系统安全运行， 根据中国人民银行《上海黄金交易所业务监督管理规则》、《上海黄金 交易所章程》及《上海黄金交易所交易规则》，制订本细则。</p>\r\n\r\n<p>第二条 实物交割是指为履行交易合约，按照交易所的规则和程 序进行的相应实物所有权转移的行为。</p>\r\n\r\n<p>第三条 交易所提供实物登记托管、交割、质量认证、物流配送、 质押过户、租借过户和黄金 ETF 等业务服务。 第四条 本细则适用范围为会员及客户登记、托管在交易所的实 物。交易所、会员、客户及指定仓库应当遵守本细则。</p>\r\n\r\n<p><strong>第二章 实物账户体系</strong></p>\r\n\r\n<p>第五条 交易所实物交割实行一户一码制，会员及客户开户成功 即获得各自的实物账户代码。实物交割处理到每个会员及客户的实物 账户。</p>\r\n\r\n<p>第六条 会员及客户登记、托管在交易所的实物分为交割品种和 保管品种。交割品种为可参与交易所交易交割业务的实物，保管品种 为不可参与交易所交易交割业务的实物。保管品种相关业务根据《上 海黄金交易所保管库管理办法》执行。</p>\r\n\r\n<p>第七条 实物账户分席位登记交割，同一会员或客户在不同席位 下的库存独立使用。</p>\r\n\r\n<p>第八条 实物账户分为未分配账户和分配账户。未分配账户的实物不按会员及客户单独摆放，按重量交割，不指定到条块。分配账户 的实物指定条块交割。黄金和铂金交割品种为未分配账户，白银交割 品种为分配账户。</p>\r\n\r\n<p>第九条 未分配账户包括剩余库存账户及买入货权账户。剩余库 存是会员及客户存入指定仓库的实物，记入其剩余库存账户；买入货 权是会员及客户买入的实物，记入其买入货权账户。分配账户的实物 统一记入剩余库存账户。</p>\r\n\r\n<p>第十条 会员及客户参与竞价交易、定价交易、询价交易等合约 交割的实物实行同一账户管理。</p>\r\n\r\n<p><strong>第三章 实物交割 </strong></p>\r\n\r\n<p>第十一条 交易所交割的金锭、金条为经交易所认定的可提供 标准金锭、金条企业生产的符合交易所金锭 SGEB1-2002、金条 SGEB2- 2004 质量标准的实物，及交易所认可的国际相关市场认定的合格供 货商生产的标准实物。 交易所交割的铂锭为交易所认可的国际相关市场认定的或经交 易所认定的合格铂锭供货商生产的标准实物。 交易所交割的银锭为经交易所认定的可提供标准银锭企业生产 的符合国家银锭 GB/T4135-2016 标准的实物，及交易所认可的国际相 关市场认定的合格供货商生产的标准实物。</p>\r\n\r\n<p>第十二条 交易所交易合约与交割品种对应关系参见《上海黄 金交易所合约及交割品种对应表》（附 1），交割品种调整根据交易所 公告执行。 用于主板合约交割的交割品种为主板交割品种，用于国际板合约 交割的交割品种为国际板交割品种。</p>\r\n\r\n<p>第十三条 交易所设立指定仓库为交易所实物交割及会员、客 户实物仓储业务等提供相关服务。 指定仓库分为主板指定仓库和国际板指定仓库。主板指定仓库为 国内会员及客户提供实物仓储及出入库交接服务。国际板指定仓库为 国际会员、国际客户、具备黄金进出口资格的国内会员及国内客户提 供实物仓储、出入库交接、代理入境申报、代理出境申报服务。国际 板指定仓库接受中华人民共和国海关监管。 国际会员及客户办理实物出入境、会员及客户通过国际板进口实 物等手续根据《上海黄金交易所国际板指定仓库出入库及出入境业务 操作指引》执行。</p>\r\n\r\n<p>第十四条 1 千克金锭、3 千克金锭、金条入库时实行&ldquo;择库存 货&rdquo;原则，出库时买入货权账户实物实行&ldquo;择库取货&rdquo;原则，剩余库 存账户实物只能从原存入指定仓库取货。 12.5 千克金锭实行&ldquo;定库存货、定库取货&rdquo;原则，存取地区为深 圳、上海。 铂锭实行&ldquo;定库存货、定库取货&rdquo;原则，存取地区为北京、 上海 和深圳。 Ag99.9 及 Ag（T+D）交割实物存取地区为上海；Ag99.99 交割实 物存取地区为上海、广州、济源和深圳。对于 Ag99.99 现货即期交易 合约，会员及客户实物交割前，可以填写交割地意向申报，明确提货 地点，不填写的，按提货地为上海地区进行交割。 实物存取地调整根据交易所公告执行。</p>\r\n\r\n<p>第十五条 1 千克金锭、3 千克金锭、金条、现货即期合约交割 的 Ag99.99 银锭由交易所负责统一调运。白银询价由买卖双方逐笔一 对一交割，交易所不负责调运。</p>\r\n\r\n<p>第十六条 对于现货实盘合约，实物交割时间为成交时间，实 物交割量为买入、卖出成交量；对于现货即期合约，交易所以成交当 日为 T+0 日，实物交割时间为第 T+2 日交易所日终结算时，实物交割 量为成交日净买卖量；对于现货延期交收合约，实物交割时间为交收 申报日交易所日终结算时，实物交割量为交收申报成交量及中立仓申 报成交量；对于定价交易合约，交易所以成交当日为 T+0 日，实物交 割时间为第 T+2 日交易所日终结算时，实物交割量为成交日净买卖 量；对于询价交易合约，实物交割分为日终与实时两种，实物交割时 间和实物交割量根据相关询价交易细则执行。</p>\r\n\r\n<p>第十七条 交易所日终实物交割顺序为现货即期合约、现货延 期交收合约、定价交易合约、询价交易合约。其中，现货即期合约实 物交割顺序为 Ag99.9、Ag99.99；现货延期交收合约实物交割顺序为 Au（T+D）、Au（T+N1）、Au（T+N2）、mAu（T+D）、Ag（T+D）。交割顺序 在前的合约所得实物可用于顺序在后合约的实物交割。</p>\r\n\r\n<p>第十八条 会员或客户应当确保其资金账户或实物账户在结算 前备足结算所需的资金或实物。结算一旦完成不可撤销。会员或客户 未能在其资金账户或实物账户上备足资金或实物，导致实物交割失败 的，交易所有权认定其违约。</p>\r\n\r\n<p>第十九条 发生实物交割违约，交易所向守约方支付补偿金， 并向违约方收取违约金，同时交收终止。</p>\r\n\r\n<p>第二十条 对双边信用型询价交易，上述违约处理条款不适用， 违约交易由交易双方根据交易所有关规定自行协商处理。</p>\r\n\r\n<p>第二十一条 现货实盘合约、现货即期合约、黄金现货延期交收 合约、定价交易合约最小交割量为 1 手，并按 1 手的整数倍交割。白 &mdash; 6 &mdash; 银现货延期交收合约最小交割量为 15 手，并按 15 手的整数倍交割。</p>\r\n\r\n<p>第二十二条 交易所对卖方会员及客户进行黄金、铂金实物交割 时，按成交流水先剩余库存账户，后买入货权账户逐笔扣除实物。多 个剩余库存账户有实物时，先扣除库存数量最小的，余量再依次扣除。</p>\r\n\r\n<p>第二十三条 交易所对卖方会员及客户进行白银实物交割时，交 易所系统根据银锭块号代码升序原则扣除卖方会员及客户库存。</p>\r\n\r\n<p>第二十四条 自然人客户、国际会员及客户不可参与铂金及白银 实物交割。非增值税一般纳税人法人客户不可参与白银实物交割。实 物交割的询价交易按照交易双方约定自行开票的除外。</p>\r\n\r\n<p>第二十五条 交易所每日日终结算后，会员及客户应及时查询核 对&ldquo;库存结算单&rdquo;。如有异议须在下一交易日开市前以书面形式向交 易所提出，逾期未提视为确认。</p>\r\n\r\n<p>第四章 入 库</p>\r\n\r\n<p>第二十六条 入库指会员及客户将实物存入交易所指定仓库。</p>\r\n\r\n<p>第二十七条 国内会员及客户可以在主板指定仓库存入主板交 割品种，不可以在主板指定仓库存入国际板交割品种，不可以在国际 板指定仓库存入实物。 国际会员及国际客户入库资格需经交易所批准。经交易所批准的 国际会员及客户可以在国际板指定仓库存入国际板交割品种；经批准 的国际会员及客户可以在给定的额度内在国际板指定仓库存入主板 交割品种。国际会员及客户不可以在主板指定仓库存入实物。国际会 员及客户入库资格申请流程参见附 2。</p>\r\n\r\n<p>第二十八条 会员及客户存入实物时，应提前一个交易日通知指 定仓库相关存货信息，对于在途实物不能在指定仓库当日工作时间内&nbsp; 存入，应及时与交易所及指定仓库取得联系，确定解决办法，保证实 物安全。</p>\r\n\r\n<p>第二十九条 金锭、金条、铂锭入库手续必须由在交易所已备案 的指定存货人员参加办理。交易所认定的可提供标准金锭、金条企业、 开展进口金锭、金条、铂锭业务的国内会员及客户、具备国际板指定 仓库入库资格的国际会员及客户应填写《上海黄金交易所指定存货人 员登记表》（附 3）留交易所备案，明确存货人员身份，并及时通知变 更状况。</p>\r\n\r\n<p>第三十条 会员及客户办理入库手续时，须提交下列证件及凭 证：《上海黄金交易所入库申请单》原件（附 4）、USB-KEY（仅国内会 员需提供）、已备案指定存货人员有效身份证件、送交实物的质量证 明书及装箱单。进口实物没有&ldquo;质量证明书&rdquo;的，需提供实物清单、 装箱单。其中《上海黄金交易所入库申请单》一式三联，加盖会员业 务用章，国际会员可由负责人签字。客户的实物入库手续由会员代理 完成。</p>\r\n\r\n<p>第三十一条 指定仓库负责对入库会员及客户的实物进行毛重核 对，指定仓库所称实物毛重与质量证明书所标明该块实物毛重秤差在 交易所规定范围内，指定仓库应接收，交易所按质量证明书所标该块 实物的重量结算，超出规定范围，指定仓库应当拒收，并填写&ldquo;问题 报告单&rdquo;，由指定仓库与入库会员共同签字确认后报交易所。 交易所入库秤差规定范围：金条&plusmn;0.05 克（含）内，金锭为&plusmn;0.1 克（含）内，铂锭为&plusmn;0.2 克（含）内，银锭为&plusmn;1 克（含）内。</p>\r\n\r\n<p>第三十二条 指定仓库办理实物入库手续后在《上海黄金交易所 入库申请单》第二联加盖指定仓库收讫章作为存货回单。会员可实时 查询当前库存状况。&nbsp;</p>\r\n\r\n<p><strong>第五章 出 库 </strong></p>\r\n\r\n<p>第三十三条 出库指会员到指定仓库提取实物。</p>\r\n\r\n<p>第三十四条 国内会员及客户可以在主板指定仓库提取主板交 割品种。具备黄金进出口资格的会员及客户可以在国际板指定仓库提 取国际板交割品种。 国际会员及客户可以在国际板指定仓库提取国际板交割品种，不 可以在主板指定仓库提取实物。</p>\r\n\r\n<p>第三十五条 会员及客户参与现货实盘合约、实时交割的询价合 约，成交后即可申请提货；参与现货即期合约、现货延期交收合约、 定价交易合约、日终交割的询价交易合约，交割日日终结算后可以申 请提货。交易所日终结算过程中不能申请提货。</p>\r\n\r\n<p>第三十六条 交易所提取实物均为整条块，不切割，不互换。 1 千克金锭最小提货重量为 1 千克；3 千克金锭最小提货重量为 3 千克；12.5 千克金锭最小提货重量为 12.5 千克；0.05 千克金条最 小提货重量为 0.05 千克；0.1 千克金条最小提货重量为 0.1 千克； 15 千克银锭最小提货重量为 15 千克，以上交割品种的申请提货标准 重量均须为最小提货重量的整数倍。 铂锭最小提货重量为 3 千克，提货标准重量须为 1 千克的整数 倍；若会员申请铂锭提货标准重量与指定仓库块重不匹配时，通过修 改提货单或留存凑足库存条块标重解决。</p>\r\n\r\n<p>第三十七条 客户的实物出库手续由会员代理完成。会员通过交 易所会员服务平台填写提货申请单，明确提货人、提货人证件类型（国 内会员及客户为身份证，国际会员及客户为身份证或护照）、提货人证件号码、提货仓库、提货标准重量等信息，同时输入提货密码。提 取实物为租借借入的，提货类型为租借提货，需填写租借登记编号； 提取实物为拆借拆入的，提货类型为拆借提货，需填写拆借过户编号； 提取实物为其他来源的，提货类型为普通提货。</p>\r\n\r\n<p>第三十八条 会员填写金锭、金条、铂锭提货申请单时，应根据 需要选择交提、自提、部分交提项，其中自提指会员及客户提取其剩 余库存账户的实物，交提指会员及客户提取其买入货权账户的实物， 部分交提是指会员及客户提取其部分剩余库存账户、部分买入货权账 户的实物。会员填写银锭提货申请单时，必须选择提取银锭的条块号 码。</p>\r\n\r\n<p>第三十九条 申请提货当日指定仓库有实物库存且申请提货时 间早于 16：30 的，申请提货当日可提取实物；晚于 16：30 的，申请 提货次日可提取实物。交易所负责统一调运的，申请提货当日指定仓 库实物库存不足，提货时间为提货申请日后 3 个交易日内，最多不超 过 5 个交易日；交易所不承担统一调运的，会员选择新的提货地重新 填写提货申请单。提货申请单有效提货日期为申请日后 5 个交易日 内。</p>\r\n\r\n<p>第四十条 提货申请单可撤销，若会员申请提取实物后未在交 易所规定的有效提取期限内提取，系统将在有效期后一交易日的日终 结算时自动撤销该笔提货申请。</p>\r\n\r\n<p>第四十一条 会员及客户提取的主板黄金实物不能再入库交易。</p>\r\n\r\n<p>第四十二条 会员及客户从国际板指定仓库提取实物须向交易 所和海关申报实物流向。</p>\r\n\r\n<p>第四十三条 会员办理出库手续时，须提交下列证件及凭证：《上 海黄金交易所出库申请单》原件（附 5）、《上海黄金交易所提货申请 &mdash; 10 &mdash; 单》、USB-KEY（仅国内会员需提供）、提货人有效身份证件。其中《上 海黄金交易所出库申请单》一式三联，加盖会员业务用章，国际会员 可由负责人签字。</p>\r\n\r\n<p>第四十四条 指定仓库办理实物出库手续，会员输入 USB-KEY 密 码、提货密码，指定仓库在出库申请单第二联加盖指定仓库付讫章作 为发货回单。</p>\r\n\r\n<p>第四十五条 会员对出库实物进行毛重核对，核对时所称实物毛 重与质量证明书所标明该块实物的毛重秤差在交易所规定范围内，提 货会员应接收，交易所按质量证明书所标该块实物的重量结算，超出 规定范围的，会员应拒收，指定仓库负责填写&ldquo;问题报告单&rdquo;，由指 定仓库与会员共同签字确认后报交易所。 出库秤差范围与入库秤差范围相同。</p>\r\n\r\n<p><strong>第六章 质押、租借、库存互换、黄金 ETF 等实物过户业务 </strong></p>\r\n\r\n<p>第四十六条 会员及客户托管于交易所的黄金、铂金、白银等实 物可用于办理质押、租借、库存互换、黄金 ETF 认购申购赎回、非交 易过户等实物过户业务。</p>\r\n\r\n<p>第四十七条 会员及客户办理质押、租借、库存互换业务时，参 与双方应签订相关协议。交易所的职责是依据双方申请，协助办理实 物过户转移手续。</p>\r\n\r\n<p>第四十八条 会员及客户办理质押业务时，质权人为具有交易所 会员资格的银行，出质人为交易所会员及客户。出质人应当对出质实 物的真实性与合法性负责。</p>\r\n\r\n<p>第四十九条 会员及客户办理租借业务时，借出方须为具备条件的金融机构及交易所认可的其他机构。会员和客户获得借出业务资格 需向交易所提出书面申请。</p>\r\n\r\n<p>第五十条 库存互换指会员及客户间以各自持有的托管在交 易所的实物进行对换。互换的实物只能属于同一实物大类，如黄金、 铂金、白银。不同实物大类间不能互换。</p>\r\n\r\n<p>第五十一条 会员及客户办理质押、租借、库存互换业务需由参 与双方分别通过交易所会员服务平台向交易所提出申请并填写相关 业务申请表，具体按照各管理办法执行。客户向交易所提出的申请由 会员代理，客户应向会员书面准确提供申请所需相关内容。</p>\r\n\r\n<p>第五十二条 会员及客户可通过交易所办理黄金 ETF 现货实盘 合约认购申购赎回，交易所负责办理投资者与黄金 ETF 间的黄金现货 实盘合约过户及登记、托管黄金现货合约。具体按照《上海黄金交易 所黄金 ETF 认购申购赎回管理办法执行》。</p>\r\n\r\n<p>第五十三条 会员及客户发生协议转让（含行政划拨）、赠与、 继承、依法进行的财产分割、法人资格丧失以及交易所认可的其他情 形的，可向交易所申请协助办理非交易过户。</p>\r\n\r\n<p><strong>第七章 费 用 </strong></p>\r\n\r\n<p>第五十四条 仓储费是指定仓库保管实物产生的保管费用。仓储 费计算重量为实物标准重量。</p>\r\n\r\n<p>第五十五条 仓储费由交易所代收代付，仓储费结算日为每月的 25 日（遇法定节假日提前到上一交易日）。交易所在仓储费结算日向 每个会员及客户收取仓储费，并在规定时间统一向指定仓库支付。</p>\r\n\r\n<p>第五十六条 仓储费的计算方法为：&nbsp; 剩余库存仓储费＝剩余库存积数&times;仓储费率 买入货权仓储费＝买入货权积数&times;仓储费率 实物出库日仓储费＝出库量&times;仓储费率</p>\r\n\r\n<p>第五十七条 积数的计算方法为： 买入： 买入货权积数＝原买入货权积数＋买入量&times;（仓储费天数－1） 卖出： （1）买入货权卖出：买入货权积数＝原买入货权积数－卖出量&times; （仓储费天数－1） （2）剩余库存卖出：剩余库存积数＝原剩余库存积数－卖出量&times; （仓储费天数－1） 入库：剩余库存积数＝原剩余库存积数＋入库重量&times;仓储费天数 出库： （1）交提出库：买入货权积数＝原买入货权积数－出库重量&times; （仓储费天数-1） （2）自提出库：剩余库存积数＝原剩余库存积数－出库重量&times; （仓储费天数-1） 质押、租借、拆借、库存互换、黄金 ETF 等过户业务参照买卖计 算积数，积数按每月 30 日计算，小于或大于 30 日均等同 30 日，一 年按 360 日计算。</p>\r\n\r\n<p>第五十八条 仓储费天数计算公式如下： 1.当月 1 日到结算日，仓储费天数＝结算日日期－当天日期＋1 2.上月结算日后第二天到月末（不包括当月 31 日），仓储费天数 ＝每月计算积数的天数－（当天日期－结算日日期）＋1 3. 当月 31 日，仓储费天数＝26</p>\r\n\r\n<p>第五十九条 运保费是指交易所统一调运各指定仓库实物产生 的费用。运保费由买卖双方共同承担。</p>\r\n\r\n<p>第六十条 1 千克金锭、3 千克金锭、金条运保费的计算节点 为：会员及客户实物账户中剩余库存卖出交割；会员及客户实物账户 中买入货权交提出库；会员及客户申请交提，申请日次日撤单；系统 自动撤销交提申请单。银锭运保费计算节点为白银即期合约实物交割 时。</p>\r\n\r\n<p>第六十一条 金锭、金条运保费的计算公式为：运保费＝运保费 率&times;标准重量。银锭运保费计算公式为：运保费＝运保费率&times;交割标 准重量。</p>\r\n\r\n<p>第六十二条 黄金品种申请交提当日撤单的不收运保费，次日起 撤单及系统到期自动撤单的，对交提部分收取运保费。会员及客户申 请自提出库的实物不收取运保费。</p>\r\n\r\n<p>第六十三条 会员及客户在指定仓库存入实物或提取实物时，需 向指定仓库支付入库费和出库费，出入库费由交易所代收代付。</p>\r\n\r\n<p>第六十四条 交割费是指参与实物交割的会员及客户向交易所 缴纳的交割手续费。交割费计算公式为：交割费＝交割费率&times;交割标 准重量。</p>\r\n\r\n<p>第六十五条 仓储费、运保费、入库费、出库费及交割费收费标 准参见《上海黄金交易所交割相关费用明细表》（附 6）。收费标准调 整根据交易所公告执行。</p>\r\n\r\n<p>第六十六条 客户办理席位销户前，应清空该席位下的实物库存， 并结清在该席位下发生的所有实物费用。 第八章 溢短结算&nbsp;</p>\r\n\r\n<p>第六十七条 溢短结算指交易所对实物溢短差重量用资金进行 结算。实物溢短差重量指实际重量与标准重量的差额。金锭的实际重 量指每类实物标准条块的纯重，金条、铂锭、银锭的实际重量指每类 实物标准条块的称量重量。标准重量指每类实物标准条块的基本重量。</p>\r\n\r\n<p>第六十八条 实物溢短差重量分为入库溢短差重量和出库溢短 差重量。</p>\r\n\r\n<p>第六十九条 入库溢短＝入库实际重量-入库标准重量。入库溢 短结算时，根据会员及客户卖出的剩余库存重量占该会员及客户该交 割品种卖出前剩余库存总量比例分摊。</p>\r\n\r\n<p>第七十条 入库溢短结算顺序为：现货实盘合约、现货延期交 收合约、定价交易合约、询价交易合约。</p>\r\n\r\n<p>第七十一条 入库溢短差重量计算公式为： 入库溢短差重量＝（卖出的剩余库存重量&divide;卖出前剩余库存总量） &times;卖出前未结算入库溢短 每个交割品种的未结算入库溢短在该交割品种库存清零时结清。</p>\r\n\r\n<p>第七十二条 出库溢短差重量根据出库时实际溢短差重量计算， 包括会员及客户交提、自提。</p>\r\n\r\n<p>第七十三条 出库溢短差重量计算公式为： 出库溢短差重量＝出库标准重量-出库实际重量</p>\r\n\r\n<p>第七十四条 溢短差重量金额由交易所根据会员及客户参与不 同交易合约，采取不同的价格分别计算，具体计算公式如下： 现货实盘合约入库溢短差重量金额＝入库溢短差重量&times;卖出日 该现货实盘合约加权平均价； 现货延期交收合约入库溢短差重量金额＝入库溢短差重量&times;实 物交割日该现货延期交收合约结算价； 定价交易合约入库溢短差重量金额＝入库溢短差重量&times;合约成 交日该定价合约结算价； 询价交易合约入库溢短差重量金额＝入库溢短差重量&times;合约交 割日该交割品种对应的现货实盘合约加权平均价； 出库溢短差重量金额＝出库溢短差重量&times;出库日该现货实盘合 约加权平均价。</p>\r\n\r\n<p>第七十五条 若遇当日无成交，各品种及合约加权平均价及结算 价以上一交易日交易所公布的当日相应加权平均价及结算价计算。</p>\r\n\r\n<p>第七十六条 本细则中金锭实际重量、标准重量与重量均指纯重。 金条、铂锭、银锭重量均指毛重。 毛重指称量重量，纯重指毛重与成色之积。 第九章 质量纠纷处理</p>\r\n\r\n<p>第七十七条 会员及客户提取实物后，如果对实物质量持有异议， 提取金锭、铂锭方必须在提货日后 5 个交易日内向交易所书面提出， 提取银锭方必须在提货日后 10 个交易日内向交易所书面提出，并提 供质量鉴定结论或有效证明，超过此期限视为无异议。提取金条方提 出质量异议，须提供交易结算凭证、金条质量证明书。客户由会员代 理书面提出。</p>\r\n\r\n<p>第七十八条 会员及客户对其存入指定仓库的实物质量承担全 部责任。实物提取过程中因质量产生异议和纠纷，交易所选择指定的 国内质检机构或国际贵金属市场认可的国际权威质检机构进行仲裁 检验。金锭及金条质检机构：国家金银及制品质量监督检验中心（长 春）、国家金银及制品质量监督检验中心（沈阳）。 铂锭质检机构：国家金银及制品质量监督检验中心（长春）、 国家金银制品质量监督检验中心（南京）。 银锭质检机构：国家金银及制品质量监督检验中心（长春）、 国家金银及制品质量监督检验中心（沈阳）、国家金银制品质量监 督检验中心（南京）、国家金银制品质量监督检验中心（上海）。 指定质检机构调整根据交易所公告执行。</p>\r\n\r\n<p>第七十九条 经过交易所指定质检机构检验，质量纠纷中的责任 方应承担以下责任： （一）支付质检及相关费用； （二）承担由此发生的经济损失。</p>\r\n\r\n<p>第八十条 经核查质量纠纷责任方违反交易所相关规定的，按 《上海黄金交易所违规处理办法》、《上海黄金交易所可提供标准金锭 企业及其金锭品级资格注册认定准则》、《上海黄金交易所可提供标 准金锭企业及其金锭品级资格注册认定准则（海外试行版）》、《上 海黄金交易所可提供标准金条企业及品牌金条资格注册认定准则》、 《上海黄金交易所可提供标准银锭企业及其银锭品级资格认定准则》 执行。</p>\r\n\r\n<p><strong>第十章 USB-KEY 管理 </strong></p>\r\n\r\n<p>第八十一条 USB-KEY 用于会员和运输代理公司到指定仓库办理 实物出入库手续的身份验证。USB-KEY 的使用及保管由会员和运输代 理公司自行负责并承担相应的责任。&nbsp;</p>\r\n\r\n<p>第八十二条 会员和运输代理公司可根据自身需要，申请办理 USB-KEY。 第八十三条 USB-KEY 有使用有效期限，到期前会员和运输代理 公司可自行更新后使用。</p>\r\n\r\n<p><strong>第十一章 附 则</strong></p>\r\n\r\n<p>第八十四条 本细则以中文书写，任何其他语种和版本之间产生 歧义的，以最近的中文文本为准。</p>\r\n\r\n<p>第八十五条 本细则解释权属于交易所。</p>\r\n\r\n<p>第八十六条 本细则自发布之日起实施。</p>\r\n\r\n<p>附：1.上海黄金交易所合约及交割品种对应表 2.国际会员及国际客户入库资格申请流程 3.上海黄金交易所指定存货人员登记表 4.上海黄金交易所入库申请单 5.上海黄金交易所出库申请单 6.上海黄金交易所交割相关费用明细表</p>','2019-10-17 22:03:01.530000',4),(12,'上海黄金交易所集中定价交易业务细则','上海黄金交易所',1,'第一条  为规范上海黄金交易所（以下简称“交易所”）的集中定价交易管理，维护交易各方的合法权益，根据《上海黄金交易所章程》和《上海黄金交易所交易规则》等有关规定制定本细则。','<p><strong><strong>第一章 &nbsp;总 &nbsp;则</strong></strong></p>\r\n\r\n<p>第一条 &nbsp;为规范上海黄金交易所（以下简称&ldquo;交易所&rdquo;）的集中定价交易管理，维护交易各方的合法权益，根据《上海黄金交易所章程》和《上海黄金交易所交易规则》等有关规定制定本细则。</p>\r\n\r\n<p>第二条 &nbsp;交易所遵循公开、公平、公正和诚信的原则，组织定价合约的交易、结算和交割。</p>\r\n\r\n<p>第三条 &nbsp;集中定价交易是指市场参与者在交易所平台上，通过&ldquo;以价询量、数量匹配&rdquo;的定价过程，在市场量价平衡时，确定定价合约的人民币基准价，并按基准价成交的交易。</p>\r\n\r\n<p>第四条 &nbsp;交易所的定价合约包括上海金、上海银及其他经中国人民银行批准的定价合约。</p>\r\n\r\n<p>第五条 &nbsp;交易所、会员、客户及相关工作人员在集中定价交易活动中应遵守本细则。</p>\r\n\r\n<p>&nbsp;</p>\r\n\r\n<p><strong><strong>第二章 </strong></strong><strong>&nbsp;</strong><strong><strong>参与主体</strong></strong></p>\r\n\r\n<p>第六条 &nbsp;交易所的会员、客户均可参与集中定价交易。其中，客户为法人客户，通过会员代理参与集中定价交易。</p>\r\n\r\n<p>第七条 &nbsp;集中定价交易实行定价成员和提供参考价成员制度。<br />\r\n&nbsp;&nbsp;&nbsp;&nbsp;定价成员是指在规定时间段内提供相应定价合约参考价，并在一定数量范围内承担平衡合约供求职责的机构。提供参考价成员是指在规定时间段内提供相应定价合约参考价的机构。</p>\r\n\r\n<p>第八条 &nbsp;交易所对定价成员和提供参考价成员资格实行申请制。</p>\r\n\r\n<p>第九条 &nbsp;申请成为定价成员应满足以下条件：</p>\r\n\r\n<p>（一）定价成员应为金融机构或贵金属产业链上的龙头实体企业；</p>\r\n\r\n<p>（二）注册资本不低于1亿元人民币或具有等额净资产；</p>\r\n\r\n<p>（三）具有良好的信誉和经营历史，近三年内无重大违法违规记录；&nbsp;</p>\r\n\r\n<p>（四）有健全的组织机构和账务管理制度及完善的内部控制和风险管理制度；</p>\r\n\r\n<p>（五）在交易所或国内、国际贵金属市场交易活跃，年交易量位居前列；</p>\r\n\r\n<p>（六）在交易所黄金或白银品种的实物交割量排名前列；</p>\r\n\r\n<p>（七）遵守执行交易所的规章制度；</p>\r\n\r\n<p>（八）交易所规定的其它条件。</p>\r\n\r\n<p>第十条 &nbsp;申请定价成员资格的机构需要向交易所提交以下申请材料：</p>\r\n\r\n<p>（一）申请成为定价成员的书面申请；</p>\r\n\r\n<p>（二）加盖单位公章的营业执照复印件；</p>\r\n\r\n<p>（三）经会计师事务所或审计师事务所审计的最近一年的年度会计报告；</p>\r\n\r\n<p>（四）申请机构关于相关品种定价业务风险控制的说明材料；</p>\r\n\r\n<p>（五）申请机构近三年无重大违法违规记录的说明材料；</p>\r\n\r\n<p>（六）申请时上一年度在交易所的交易情况报告；</p>\r\n\r\n<p>（七）交易所要求提供的其他材料。</p>\r\n\r\n<p>第十一条 &nbsp;申请成为提供参考价成员应满足以下条件：</p>\r\n\r\n<p>（一）提供参考价成员应为金融机构或贵金属产业链上的龙头实体企业；</p>\r\n\r\n<p>（二）注册资本不低于5,000万元人民币以上或具有等值净资产；</p>\r\n\r\n<p>（三）具有良好的信誉和经营历史，近三年内无重大违法违规行为记录；</p>\r\n\r\n<p>（四）在交易所或国内、国际贵金属市场交易活跃，年交易量位居前列；</p>\r\n\r\n<p>（五）遵守执行交易所的规章制度；</p>\r\n\r\n<p>（六）交易所规定的其他条件。</p>\r\n\r\n<p>第十二条 &nbsp;申请提供参考价成员资格的机构需要向交易所提交以下申请材料：</p>\r\n\r\n<p>（一）申请成为参考价成员的书面申请；</p>\r\n\r\n<p>（二）加盖单位公章的营业执照复印件；</p>\r\n\r\n<p>（三）经会计师事务所或审计师事务所审计的最近一年的年度会计报告；</p>\r\n\r\n<p>（四）申请机构近三年无重大违法违规记录的说明材料；</p>\r\n\r\n<p>（五）申请时上一年度在交易所交易情况的报告；</p>\r\n\r\n<p>（六）交易所要求提供的其他材料。</p>\r\n\r\n<p>第十三条 &nbsp;交易所的定价成员、提供参考价成员有以下义务和权利：</p>\r\n\r\n<p>（一）遵守交易所的规章制度。</p>\r\n\r\n<p>（二）定价成员承担提供相应定价合约参考价和接受分配规定数量量差的义务，并享有补充申报时段的交易权利。</p>\r\n\r\n<p>（三）提供参考价成员承担提供相应定价合约参考价的义务。</p>\r\n\r\n<p>（四）交易所规定的其他义务和权利。</p>\r\n\r\n<p>第十四条 &nbsp;交易所收到符合要求的申请材料后，应于20个工作日内提出是否同意的办理意见。</p>\r\n\r\n<p>第十五条 &nbsp;交易所可以对定价成员和提供参考价成员进行适当性检查，并根据检查结果对成员资格进行调整。</p>\r\n\r\n<p>第十六条 &nbsp;定价成员、提供参考价成员要求终止资格的，应提前三个月向交易所提出书面申请。</p>\r\n\r\n<p>&nbsp;</p>\r\n\r\n<p><strong><strong>第三章　交　易</strong></strong></p>\r\n\r\n<p>第十七条 &nbsp;上海金定价合约的交易标的为经交易所认可的标准重量1千克、成色不低于99.99％的金锭。上海银定价合约的交易标的为经交易所认可的标准重量15千克、成色不低于99.99％的银锭。</p>\r\n\r\n<p>第十八条 &nbsp;上海金定价合约的交易代码为SHAU，报价单位为人民币元/克，最小变动价位为0.01元。合约交易单位为&ldquo;手&rdquo;，每手为１千克，实行T+2交割。上海银定价合约的交易代码为SHAG，报价单位为人民币元/千克，最小变动价位为1元。合约交易单位为&ldquo;手&rdquo;，每手为15千克，实行T+2交割。具体合约参数详见《上海黄金交易所定价合约参数表》（附表1）。交易所可以根据市场情况调整定价合约的合约参数，合约参数的调整根据交易所公告执行。</p>\r\n\r\n<p>第十九条 &nbsp;集中定价交易按场次分为早盘定价和午盘定价，每场经过一轮或多轮的定价过程产生该场的基准价。不同定价合约的具体交易时间详见《定价合约集中定价交易时间表》（附表2）。交易所可以根据业务需要调整集中定价交易的场次与交易时间，具体根据交易所公告执行。</p>\r\n\r\n<p>第二十条 &nbsp;会员、客户参与集中定价交易的申报，只在该场定价过程中有效。</p>\r\n\r\n<p>第二十一条 &nbsp;集中定价交易不设价格涨跌停板。</p>\r\n\r\n<p>第二十二条 &nbsp;集中定价交易实行保证金交易制度。交易所对有效申报即时冻结交易保证金。交易所可以根据市场情况调整定价合约的保证金比例。</p>\r\n\r\n<p>第二十三条 &nbsp;每场集中定价交易由三个环节组成：</p>\r\n\r\n<p>（一）参考价申报。定价成员和提供参考价成员申报上海金、上海银等定价合约的本场参考价，定价交易系统据此产生第一轮定价的最初系统出价（以下简称&ldquo;初始价&rdquo;）；</p>\r\n\r\n<p>（二）定价过程。会员、客户针对初始价及之后按系统出价规则调整的系统出价申报买卖意向和数量；</p>\r\n\r\n<p>（三）基准价产生。定价过程中某轮的买入申报量与卖出申报量之差（以下简称&ldquo;量差&rdquo;）等于或小于定价合约规定的成交阈值，定价过程结束，该轮的系统出价即为本场基准价，该轮的所有有效申报全部以基准价成交（以下简称&ldquo;成交&rdquo;）。</p>\r\n\r\n<p>第二十四条 &nbsp;早盘定价和午盘定价开始前，定价成员和提供参考价成员通过交易终端提交本场集中定价交易的参考价。</p>\r\n\r\n<p>第二十五条 &nbsp;初始价的计算和确定方式为：</p>\r\n\r\n<p>（一）定价成员和提供参考价成员在参考价申报时段内提供定价合约的本场参考价，若参与参考价申报的成员数大于等于总数的50%，交易所去除全部参考价中一个最高价和一个最低价后，以剩余参考价的算术平均价作为初始价。</p>\r\n\r\n<p>（二）若参与参考价申报的成员数少于规定总数的50%，则认定该场参考价申报无效。交易所将以定价合约参数表中规定的参考竞价合约在参考价申报时间段内所有成交的算术平均价，作为本场次的初始价。</p>\r\n\r\n<p>（三）若参考竞价合约在参考价申报时间段内没有成交，则以上个场次该定价合约的基准价作为本场次的初始价。</p>\r\n\r\n<p>第二十六条 &nbsp;每场定价过程由市场申报和补充申报两个倒计时时段组成。会员、客户可参与市场申报，定价成员可参与市场申报和补充申报。<br />\r\n&nbsp;&nbsp;&nbsp;&nbsp;一次市场申报和补充申报合称为一轮。首轮市场申报时段和补充申报时段的时间安排分别为60秒和10秒。自第二轮开始，每轮市场申报时段和补充申报时段的时间安排分别为30秒和10秒。</p>\r\n\r\n<p>第二十七条 &nbsp;客户在前后轮次之间的撤单需遵循&ldquo;价优不减量&rdquo;原则，即某轮的量差未满足基准价产生条件，进入下一轮时，若出价下跌，系统自动撤销上轮卖方的所有申报，不允许买方减少或撤销上轮申报；若出价上涨，系统自动撤销上轮买方的所有申报，不允许卖方减少或撤销上轮申报。被撤销一方的客户认同新一轮出价的，需要重新申报买、卖数量。</p>\r\n\r\n<p>第二十八条 &nbsp;定价成员在某轮补充申报时段的申报量，仅用于补足市场申报的量差，不能反转本轮市场申报阶段确立的买卖对比方向。按照时间优先的原则，大于市场申报量差部分的补充申报量无效。</p>\r\n\r\n<p>第二十九条 &nbsp;补充申报结束，若量差未满足基准价产生条件，交易系统根据量差情况调整出价，发起下一轮定价过程。系统出价规则为：</p>\r\n\r\n<p>（一）当卖出量减去买入量的量差大于成交阈值时下调价格，当买入量减去卖出量的量差大于成交阈值时上调价格。</p>\r\n\r\n<p>（二）首轮定价按量差大小确定下一轮的系统出价，之后轮次，买、卖申报量对比情况与上轮保持一致时，按量差大小确定下一轮的调价步长；买、卖申报量对比情况与上轮相反时，下一轮系统出价回撤本轮调价步长的50%。</p>\r\n\r\n<p>量差与调价步长的关系详见《定价合约量差与调价步长关系表》（附表3）。交易所可以根据市场情况，调整量差与调价步长的对应关系，具体根据交易所公告执行。</p>\r\n\r\n<p>第三十条 &nbsp;定价过程中，定价成员的补充申报量不会被撤销，将转换成下一轮市场申报量。定价成员对市场申报量的撤销应符合&ldquo;价优不减量&rdquo;原则。</p>\r\n\r\n<p>第三十一条 &nbsp;某轮市场申报结果量差为零，或补充申报结束，量差等于或小于定价合约成交阈值时，本场集中定价过程结束。该轮系统出价即为定价合约的本场基准价。该轮的量差由定价成员平均分担补足，有效申报全部按基准价成交。</p>\r\n\r\n<p>第三十二条 &nbsp;交易所监督管理集中定价交易过程，当某场集中定价出现：市场行情剧烈波动，系统出价无法与市场价格同步、定价过程明显异常及出现技术故障时，交易所可以暂停交易，并根据市场情况，采取以下两种措施中的一种：</p>\r\n\r\n<p>（一）交易所取消该场之前的所有申报，并按当时的市场价格出价，继续进行集中定价交易。恢复交易后的次轮系统出价，根据恢复当轮的量差情况确定。</p>\r\n\r\n<p>（二）交易所取消该场之前的所有申报，根据参考竞价合约当时的市场价格公布本场基准价。</p>\r\n\r\n<p>第三十三条 &nbsp;交易所对参与集中定价交易的会员收取交易手续费，交易手续费率根据交易所公告执行。</p>\r\n\r\n<p>第三十四条 &nbsp;交易所集中定价交易系统实时显示集中定价交易的出价、市场申报量、补充申报量、基准价、成交量等行情信息。定价合约的人民币基准价，通过网站、交易终端、第三方资讯平台等渠道发布。</p>\r\n\r\n<p>&nbsp;</p>\r\n\r\n<p><strong><strong>第四章 &nbsp;结算与交割</strong></strong></p>\r\n\r\n<p>第三十五条 &nbsp;交易所对集中定价交易进行集中清算结算和交割。</p>\r\n\r\n<p>第三十六条 &nbsp;对每日开设早盘和午盘两场交易的定价合约以午盘的基准价格作为合约的结算价，对同一客户早盘和午盘的定价成交进行盈亏计算，并对合约净头寸收取规定比例的保证金。每日开设一场交易的定价合约以该场基准价格作为合约的结算价收取规定比例保证金。</p>\r\n\r\n<p>第三十七条 &nbsp;在T+2日日终结算时，按T+0日的结算价，对客户T+0日的定价合约净头寸执行实物交割清算。</p>\r\n\r\n<p>第三十八条 &nbsp;定价合约与交易所的其它交易合约实行同一账户集中清算。交易所依次按照竞价交易、集中定价交易、报价交易、询价交易的顺序进行清算和交割。</p>\r\n\r\n<p>第三十九条 &nbsp;在T+2日日终结算时，买方资金账户应有足额资金，卖方实物账户应有足额实物，若不能满足以上条件，则构成交割违约。交易所将根据定价合约违约金比例向违约方收取违约头寸对应的违约金，同时合约终止。</p>\r\n\r\n<p>第四十条 &nbsp;当违约方结算准备金账户的金额不足以支付违约金时，交易所按照《上海黄金交易所风险控制管理办法》的规定处理。</p>\r\n\r\n<p>第四十一条 &nbsp;有关结算和交割的其它规定，参照《上海黄金交易所结算细则》和《上海黄金交易所交割细则》执行。</p>\r\n\r\n<p>&nbsp;</p>\r\n\r\n<p><strong><strong>第五章　合规性要求</strong></strong></p>\r\n\r\n<p>第四十二条 &nbsp;定价成员以及提供参考价成员应按照当时市场情况提供合理的市场参考价，不得相互商量沟通，联手影响操控初始价。</p>\r\n\r\n<p>第四十三条 &nbsp;会员、客户对每一轮出价的申报量应为其真实交易需求的表达，不得进行虚假交易，扰乱和破坏定价过程和正常的市场秩序。</p>\r\n\r\n<p>第四十四条 &nbsp;会员的自营和代理集中定价交易应完全分开，自营和代理交易业务之间应有防火墙。</p>\r\n\r\n<p>第四十五条 &nbsp;当会员和其客户利益发生冲突时，会员应以客户利益优先于会员自身利益的原则进行处理。</p>\r\n\r\n<p>第四十六条 &nbsp;会员不得依据其客户集中定价交易指令等内幕信息进行任何自营交易。</p>\r\n\r\n<p>第四十七条 &nbsp;在进行集中定价交易时，会员的相关风控部门应对交易进行监控和不定期现场监督检查。</p>\r\n\r\n<p>第四十八条 &nbsp;进行集中定价交易时，定价成员和提供参考价成员所有的通讯和外界联系应通过可以记录的设备完成，并保留通讯记录。</p>\r\n\r\n<p>第四十九条 &nbsp;严格禁止任何操纵价格、对敲、在同一场次恶意来回买卖等单独或联手扰乱市场，具有误导性和欺诈性的交易行为。</p>\r\n\r\n<p>第五十条 &nbsp;参与定价交易的会员、客户应有完善的合规和交易的档案记录留存，自营和代理档案应分开保留，保留期限不得少于五年。</p>\r\n\r\n<p>第五十一条 &nbsp;所有参加集中定价的相关人员应进行上岗前培训，充分理解集中定价交易业务规则和操作流程。</p>\r\n\r\n<p>第五十二条 &nbsp;由主要市场参与者、交易所以及黄金市场行业协会的专业人士共同组成集中定价交易监督管理委员会，对集中定价交易业务的合规性进行监督管理。</p>\r\n\r\n<p>第五十三条 &nbsp;交易所有权不定期对合规性要求的执行情况进行检查，有权对不满足或违反集中定价合规性要求的市场参与者采取口头警告、书面警告、通报批评、取消集中定价交易资格等整改和处罚措施。</p>\r\n\r\n<p>&nbsp;</p>\r\n\r\n<p><strong><strong>第六章　违规处理</strong></strong></p>\r\n\r\n<p>第五十四条 &nbsp;市场参与者如有违反交易管理相关规定，扰乱市场的行为，按照《上海黄金交易所违规处理办法》的相关规定进行处罚。</p>\r\n\r\n<p>第五十五条 &nbsp;定价成员或提供参考价成员存在以下情形之一的，交易所可以终止其相应的定价成员或提供参考价成员资格：</p>\r\n\r\n<p>（一）相互商量沟通，联手影响操纵初始价；</p>\r\n\r\n<p>（二）影响或操纵市场价格，蓄意破坏定价过程以及市场正常秩序的；</p>\r\n\r\n<p>（三）未遵守交易所风险警示制度的有关要求；</p>\r\n\r\n<p>（四）符合《上海黄金交易所会员管理办法》和交易所相关规定取消会员资格情形的其他情况。</p>\r\n\r\n<p>第五十六条 &nbsp;被委托代理的会员存在以下行为之一的，按照《上海黄金交易所违规处理办法》的相关规定进行处罚。</p>\r\n\r\n<p>（一）未将自营账户资金和客户资金分户存放的；</p>\r\n\r\n<p>（二）利用客户账户为自己或他人交易的；</p>\r\n\r\n<p>（三）泄露客户委托事项或其他交易秘密的；</p>\r\n\r\n<p>（四）未按客户的委托事项进行交易，故意阻止、延误或改变客户下单指令，诱导、强制客户按自己的意志进行交易的；</p>\r\n\r\n<p>（五）其他违反交易所对代理业务管理规定的行为。</p>\r\n\r\n<p>第五十七条 &nbsp;有违规违约的其他行为，交易所有权按照《上海黄金交易所违规处理办法》相关规定进行处罚。</p>\r\n\r\n<p>&nbsp;</p>\r\n\r\n<p><strong><strong>第七章 附 &nbsp;则</strong></strong></p>\r\n\r\n<p>第五十八条 &nbsp;本细则未及事项，按照交易所相关制度执行。</p>\r\n\r\n<p>第五十九条 &nbsp;本细则以中文书写，任何其他语种和版本之间产生 歧义的，以最近的中文文本为准。</p>\r\n\r\n<p>第六十条 &nbsp;本细则解释权与修改权属交易所。</p>\r\n\r\n<p>第六十一条 &nbsp;本细则自公布之日起实施。</p>','2019-10-17 22:05:12.970000',4),(13,'上海黄金交易所会员反洗钱、反恐怖融资、反逃税自律指引','上海黄金交易所',0,'附件1 上海黄金交易所会员反洗钱、反恐怖 融资、反逃税自律指引 第一条 为规范黄金市场交易秩序，加强行业自律，切实 履行反洗钱、反恐怖融资、反逃税（以下统称“三反”）法 定义务, 有效防范相关风险，现制定《上海黄金交易所会员 反洗钱、反恐怖融资、反逃税自律指引》','<p><strong>第一条 </strong>为规范黄金市场交易秩序，加强行业自律，切实 履行反洗钱、反恐怖融资、反逃税（以下统称&ldquo;三反&rdquo;）法 定义务, 有效防范相关风险，现制定《上海黄金交易所会员 反洗钱、反恐怖融资、反逃税自律指引》（以下简称&ldquo;自律 指引&rdquo;）。</p>\r\n\r\n<p><strong>第二条 </strong>会员应严格遵守《中华人民共和国反洗钱法》、 《中华人民共和国反恐怖主义法》、《中华人民共和国税收 征收管理法》等法律法规，提高&ldquo;三反&rdquo;意识，切实履行&ldquo;三 反&rdquo;义务。</p>\r\n\r\n<p><strong>第三条</strong> 会员不得利用上海黄金交易所（以下简称&ldquo;上金 所&rdquo;）渠道从事洗钱、恐怖融资或逃税等违法犯罪行为，或 为上述违法犯罪行为提供协助。</p>\r\n\r\n<p><strong>第四条 </strong>会员应坚持&ldquo;风险为本&rdquo;的原则，充分认识业务 所在领域存在的洗钱、恐怖融资和逃税风险，重点关注经营 过程中的现金交易、实物流向与资金流向。</p>\r\n\r\n<p><strong>第五条</strong> 会员应确保自身及代理客户资金来源和去向的 合法性，不得为非法资金提供业务服务，不得为洗钱提供便 利。</p>\r\n\r\n<p><strong>第六条</strong> 会员应确保向上金所入库的贵金属实物来源合 法合规，提出的贵金属实物不得用于犯罪活动。</p>\r\n\r\n<p><strong>第七条</strong> 会员应根据真实经营需求购买黄金及其他交易 商品，合法取得和使用增值税专用发票，严禁套取和虚开增 值税专用发票。</p>\r\n\r\n<p><strong>第八条</strong> 会员应建立包含&ldquo;三反&rdquo;措施的内控制度，及时 评估和完善&ldquo;三反&rdquo;内控体系，以确保其合规性和有效性。</p>\r\n\r\n<p><strong>第九条 </strong>会员应将反洗钱和反恐怖融资工作开展情况纳 入本单位的稽核审计、检查或风险评估范围。</p>\r\n\r\n<p><strong>第十条</strong> 会员应建立代理业务反洗钱管理制度，防范客 户利用会员或上金所进行洗钱和恐怖融资等犯罪活动。</p>\r\n\r\n<p><strong>第十一条</strong> 会员应建立反洗钱管理架构，指定反洗钱负 责机构及反洗钱合规专员。会员负责人对反洗钱工作的有效 实施负最终责任。</p>\r\n\r\n<p><strong>第十二条 </strong>会员应为反洗钱负责机构提供必要的资源保 障，积极运用信息系统提升反洗钱工作有效性。</p>\r\n\r\n<p><strong>第十三条 </strong>会员应勤勉尽责，遵循&ldquo;了解你的客户&rdquo;原则， 针对具有不同洗钱或者恐怖融资风险特征的客户、业务关系 或者交易，采取相适应的客户身份识别措施。</p>\r\n\r\n<p><strong>第十四条 </strong>会员应采取适当措施，了解客户及其交易目 的和交易性质，了解实际控制客户的自然人和交易的实际受 益人。</p>\r\n\r\n<p><strong>第十五条 </strong>客户申请开立上金所黄金交易账户的，会员 应核对客户的有效身份证明文件，登记客户身份基本信息， 并留存有效身份证明文件的复印件或影印件以及授权委托 书原件（如适用）。会员不得为客户开立匿名账户或假名账 户，不得为身份不明的客户提供服务，不得允许客户借用他 人账户办理业务。</p>\r\n\r\n<p><strong>第十六条</strong> 涉及增值税专用发票的客户在开户申请时， 会员应了解客户的真实贸易背景，有权要求客户按照上金所 规定配合提供相关资料。</p>\r\n\r\n<p><strong>第十七条 </strong>对于客户委托指令下达人、资金调拨人、结算 单确认人等代理人员办理业务的，会员应要求代理人员出具 授权委托书，核对代理人员的有效身份证件，登记代理人员 的姓名或者名称、联系方式，并留存授权委托书原件及身份 证明文件的复印件或者影印件。</p>\r\n\r\n<p><strong>第十八条 </strong>会员发现客户所提供的身份证明文件或资料 涉嫌虚假记载的，应拒绝办理业务；发现存在可疑之处的， 应要求客户补充提供足以证实其身份的相关证明材料；无法 证实的，应拒绝办理。</p>\r\n\r\n<p><strong>第十九条 </strong>会员应确保客户的黄金交易账户、资金账户 的名称与身份证明文件所记载的名称一致。</p>\r\n\r\n<p><strong>第二十条</strong> 会员代理业务应采取非现金方式。采取银行 转账方式出入金时，应使用交易当事人的同名银行账户。</p>\r\n\r\n<p><strong>第二十一条 </strong>在与客户的代理关系存续期间，会员应采 取持续的客户身份识别措施，关注客户及其交易情况，及时 提示客户更新资料信息。</p>\r\n\r\n<p><strong>第二十二条 </strong>会员应关注联合国安理会决议、国家有权 机关公布的恐怖活动组织及恐怖活动人员名单等，不得与名 单上的任何实体、组织或者个人建立业务关系，或者为其提 供任何形式的服务。</p>\r\n\r\n<p><strong>第二十三条 </strong>会员发现或者有合理理由怀疑客户、客户 的资金或者其他资产、客户的交易或者试图进行的交易与洗 钱、恐怖融资等犯罪活动相关的，不论所涉资金金额或者资 产价值大小，应及时向中国反洗钱监测分析中心报送可疑交 易报告。</p>\r\n\r\n<p><strong>第二十四条</strong> 可疑交易符合下列情形之一的，会员在向 中国反洗钱监测分析中心报送可疑交易报告的同时，应向所 在地中国人民银行分支机构、公安机关或者国家安全机关报 案： （一）明显涉嫌洗钱、恐怖融资等犯罪活动的； （二）严重危害国家安全或者影响社会稳定的； （三）其他情节严重或者情况紧急的情形。</p>\r\n\r\n<p><strong>第二十五条 </strong>会员应妥善保存客户身份资料和交易记录， 保存期限不得少于五年。</p>\r\n\r\n<p><strong>第二十六条</strong> 会员应对依法履行反洗钱义务获得的客户 身份资料和交易信息予以保密，不得违反规定向任何单位和 个人提供。</p>\r\n\r\n<p><strong>第二十七条 </strong>会员应积极参加上金所组织的反洗钱培训。 会员有义务对客户及潜在客户进行反洗钱宣传。</p>\r\n\r\n<p><strong>第二十八条 </strong>会员应依法协助、配合司法机关和行政执 法机关打击洗钱、恐怖融资和逃税活动。如发现业内涉嫌犯 罪活动线索，应依法向反洗钱行政主管部门、侦查机关举报。</p>\r\n\r\n<p><strong>第二十九条 </strong>会员应积极配合中国人民银行依法进行的 反洗钱执法检查及调查，不得拒绝、阻碍反洗钱检查及调查， 不得谎报、隐匿、销毁相关证据材料。</p>\r\n\r\n<p><strong>第三十条 </strong>会员应每年对反洗钱和反恐怖融资工作开展 合规自查，并将自查结果书面报告上金所。</p>\r\n\r\n<p><strong>第三十一条</strong> 会员因违反国家&ldquo;三反&rdquo;规定受到处罚或违 反本自律指引的，上金所将从严处理，直至取消会员资格； 如涉及代理客户，上金所有权要求会员与其解除代理关系。</p>\r\n\r\n<p><strong>第三十二条 </strong>本自律指引解释权归上金所。</p>\r\n\r\n<p><strong>第三十三条</strong> 本自律指引自发布之日起生效。</p>','2019-10-17 22:10:31.316000',5),(14,'上海黄金交易所会员反洗钱和反恐怖融资 工作实施办法（试行）','上海黄金交易所',2,'第一章 总 则 第一条 为规范会员单位的反洗钱和反恐怖主义融资工作， 提高会员单位防范洗钱风险的能力，维护国家经济秩序和金融安 全，根据《中华人民共和国反洗钱法》、《中国人民银行关于加强 贵金属交易场所反洗钱和反恐怖融资工作的通知》等法律法规规 定，制定本办法。','<p><strong>第一章 总 则</strong></p>\r\n\r\n<p>第一条 为规范会员单位的反洗钱和反恐怖主义融资工作， 提高会员单位防范洗钱风险的能力，维护国家经济秩序和金融安 全，根据《中华人民共和国反洗钱法》、《中国人民银行关于加强 贵金属交易场所反洗钱和反恐怖融资工作的通知》等法律法规规 定，制定本办法。</p>\r\n\r\n<p>第二条 上海黄金交易所对会员单位反洗钱工作进行自律管 理和指导。上海黄金交易所负责组织会员单位的反洗钱业务培训 及宣传教育工作，向中国人民银行反映会员单位对反洗钱工作的 意见和建议。</p>\r\n\r\n<p>第三条 会员单位应当按照法律法规、反洗钱规定和本办法 的要求，积极履行反洗钱义务，自觉维护黄金行业秩序，实现反 洗钱工作制度化、规范化与程序化。</p>\r\n\r\n<p>第四条 会员单位应当按照本办法的要求，结合本公司业务 特点和实际情况开展反洗钱工作。</p>\r\n\r\n<p>第五条 会员单位及其境外分支机构和附属机构在境外开展 业务时，应该遵循驻在国家(地区)反洗钱方面的法律规定，协助 配合驻在国家(地区)反洗钱机构的工作，同时在驻在国家(地区) 法律规定允许的范围内，执行本办法的有关要求。</p>\r\n\r\n<p>第六条 本办法适用于会员单位开展的上海黄金交易所业 务。</p>\r\n\r\n<p><strong>第二章 基本要求 </strong></p>\r\n\r\n<p>第七条 会员单位应当严格执行法律法规、反洗钱规定和上 海黄金交易所管理要求，将反洗钱工作要求落实到内部控制制度 和日常业务运作中，申请入会时应当签署并向上海黄金交易所提 交《上海黄金交易所反洗钱与反恐怖融资尽职调查表与承诺》（具 体见附 1）。</p>\r\n\r\n<p>第八条 会员单位应当按上海黄金交易所反洗钱工作要求建 立健全反洗钱、反恐怖融资内控制度体系，并将贵金属相关内部 控制制度向上海黄金交易所报备。会员单位及其分支机构的负责 人对反洗钱内部控制制度的有效实施负最终责任。</p>\r\n\r\n<p>第九条 会员单位应当设立专门机构或者指定内设机构（以 下简称反洗钱负责机构）负责反洗钱合规管理工作，指定高级管 理层人员负责贵金属反洗钱工作，设置反洗钱合规专员，并将联 络信息报告上海黄金交易所（具体见附 2）。 会员单位应当对其分支机构的反洗钱工作进行统一管理。</p>\r\n\r\n<p>第十条 会员单位反洗钱负责机构应当履行下列职能： （一）制定本单位反洗钱内部控制制度、操作规程，根据反 洗钱要求制定或修订所涉及的相关业务规则； （二）根据法律法规以及本单位内控制度的规定开展反洗钱 工作； （三）对反洗钱工作提供技术支持与保障，按规定报送大额 和可疑交易数据； （四）配合国家有关执法机关对涉嫌洗钱活动的调查取证工 作； （五）负责与监管机关、上海黄金交易所进行反洗钱工作的&nbsp; 协调与沟通； （六）组织反洗钱法律法规和有关知识技能的培训和宣传工 作； （七）与反洗钱相关的其他工作。</p>\r\n\r\n<p>第十一条 会员单位应当确保反洗钱工作的资源投入，为反 洗钱负责机构提供必要的技术条件，积极运用信息系统提升反洗 钱工作有效性。</p>\r\n\r\n<p><strong>第三章 客户身份识别 </strong></p>\r\n\r\n<p>第十二条 会员单位应当勤勉尽责，遵循&ldquo;了解你的客户&rdquo; 原则，针对具有不同洗钱或者恐怖融资风险特征的客户、业务关 系或者交易应当采取相应的客户身份识别措施，了解客户及其交 易目的和交易性质，了解客户资金的来源和性质，了解实际控制 客户的自然人和交易的实际受益人。</p>\r\n\r\n<p>第十三条 会员单位及其工作人员接受客户委托从事交易 时，应当与客户签署代理业务协议，采取合理措施落实客户身份 识别，界定双方的权利义务关系。 会员单位在为任何单位和个人提供服务时，都应当要求其提 供真实有效的身份证件或者其他身份证明文件，相关单位和个人 有义务配合会员工作。 会员单位不得为身份不明的客户提供服务，不得为客户开立 匿名账户或假名账户，不得允许客户借用他人账户办理业务。</p>\r\n\r\n<p>第十四条 个人申请开户的，会员单位应当要求开户申请人 出示真实有效的身份证件，进行核对、登记，并留存有效身份证&nbsp; 件或者其他身份证明文件的复印件或者影印件。</p>\r\n\r\n<p>第十五条 机构申请开户的，会员单位应当要求开户申请人 出具有效证照等文件，会员单位应当对客户出具的文件进行核 对、登记，并将上述身份证明文件的复印件或者影印件和授权委 托书原件存档。 会员单位应采取有效措施加强对非自然人客户受益所有人 的识别。涉及增值税专用发票的机构开户申请，开户申请人应当 严格按照会员单位要求配合提供相关资料。</p>\r\n\r\n<p>第十六条 对于客户委托指令下达人、资金调拨人、结算单 确认人等代理人员的，会员单位应当要求客户出具授权委托书及 上述代理人的有效身份证件并进行核对，登记代理人的姓名或者 名称、联系方式，并将授权委托书原件及身份证明文件的复印件 或者影印件存档。</p>\r\n\r\n<p>第十七条 会员单位应当根据身份识别需要要求客户对资金 及其来源的合法性进行说明，并要求客户提供相关证明文件。</p>\r\n\r\n<p>第十八条 会员单位应当对客户登记的黄金交易账户进行审 查，确保黄金交易账户、资金账户的名称与客户身份证明文件的 名称一致。</p>\r\n\r\n<p>第十九条 会员单位应当按照客户的特点或者账户的属性， 由高到低划分风险等级，在持续关注的基础上，适时调整风险等 级。 会员单位应当对不同客户采取相应的客户尽职调查及其他 风险控制措施。其中，对高风险客户应采取强化的风险控制措施， 以有效预防风险。</p>\r\n\r\n<p>第二十条 对于具有下列情形之一的客户，会员单位应当按 照中国人民银行要求在反洗钱工作中进行重点关注： （一）客户（及其实际控制人或实际受益人）被列入我国发 布或承认的应实施反洗钱监控措施的名单； （二）客户（及其实际控制人或实际受益人）为外国政要及 其亲属、关系密切人； （三）客户拒绝会员单位依法开展客户尽职调查工作； （四）会员单位向中国人民银行反洗钱监测分析中心报送的 可疑交易报告多次涉及的客户； （五）其他认为存在相对较高的洗钱风险和恐怖融资风险， 需要重点关注的客户。</p>\r\n\r\n<p>第二十一条 在与客户的业务关系存续期间，会员单位应当 采取持续的客户身份识别措施，关注客户及其日常交易情况，及 时提示客户更新资料信息。 客户没有在合理期限内更新已过有效期的身份证件或身份 证明文件、且没有提出合理理由的，应当按照法律规定或与客户 事先约定，对客户采取相应的限制措施。</p>\r\n\r\n<p>第二十二条 会员单位在为客户办理业务过程中，发现客户 所提供的个人身份证件或机构资料涉嫌虚假记载的，应当拒绝办 理；发现存在可疑之处的，应当要求客户补充提供个人身份证件 或机构证照原件等足以证实其身份的相关证明材料，无法证实 的，应当拒绝办理。</p>\r\n\r\n<p>第二十三条 除核对有效身份证件或者其他身份证明文件 外，会员单位可以采取以下一种或者几种措施，识别或者重新识 别客户身份： （一）要求客户补充其他身份资料或者身份证明文件； &mdash; 6 &mdash; （二）回访客户； （三）实地查访； （四）向公安、工商行政管理等部门核实； （五）其他可依法采取的措施。 第四章 可疑交易报告</p>\r\n\r\n<p>第二十四条 会员单位开展代理业务时，应当采取非现金方 式。采取银行转账方式时，应当使用交易当事人的同名银行账户； 发生退款的，应当按原支付途径，将资金退回原付款人的银行账 户。</p>\r\n\r\n<p>第二十五条 会员单位发现或者有合理理由怀疑客户、客户 的资金或者其他资产、客户的交易或者试图进行的交易与洗钱、 恐怖融资等犯罪活动相关的，不论所涉资金金额或者资产价值大 小，应当在确认可疑交易后立即向中国反洗钱监测分析中心报送 可疑交易报告（具体见附 3），同时抄报上海黄金交易所。</p>\r\n\r\n<p>第二十六条 会员单位应当根据自身反洗钱工作实际，参照 下列交易或者行为，建立可疑交易监测标准： （一）客户长期不进行或少量进行交易，其资金账户却发生 大量的资金收付； （二）开户后短期内大量进行交易，然后迅速销户； （三）长期不进行交易的客户突然在短期内频繁进行交易， 而且资金量巨大； （四）客户频繁地以同一种合约为标的，在以一价位开仓的 同时在相同或者大致相同价位、等量或者接近等量反向开仓后平 仓出局，支取资金； &mdash; 7 &mdash; （五）客户实物出入库数量显著超出合理水平的； （六）个别客户在明显不合理的价位上成交； （七）客户要求变更其信息资料但提供的相关文件资料有伪 造、变造嫌疑。</p>\r\n\r\n<p>第二十七条 会员单位应当对通过交易监测标准筛选出的交 易进行人工分析、识别，并记录分析过程；不作为可疑交易报告 的，应当记录分析排除的合理理由；确认为可疑交易的，应当在 可疑交易报告理由中完整记录对客户身份特征、交易特征或行为 特征的分析过程。</p>\r\n\r\n<p>第二十八条 可疑交易符合下列情形之一的，会员单位在向 中国反洗钱监测分析中心报送可疑交易报告的同时，应当以电子 形式或者书面形式向所在地中国人民银行分支机构、公安机关或 者国家安全机关报案： （一）明显涉嫌洗钱、恐怖融资等犯罪活动的； （二）严重危害国家安全或者影响社会稳定的； （三）其他情节严重或者情况紧急的情形。</p>\r\n\r\n<p>第二十九条 会员单位应当采取必要的监控措施，对国家有 权机关公布的恐怖活动组织及恐怖活动人员名单等进行监测，不 得与名单上的任何实体、组织或者个人建立业务关系，或者为其 提供任何形式的服务。对与恐怖活动组织和人员等有关的资金或 者其他资产，会员单位应立即依法采取冻结措施，并按照规定及 时向所在地公安机关、国家安全机关和中国人民银行分支机构报 告。</p>\r\n\r\n<p>第三十条 会员单位应当如期向上海黄金交易所报送反洗钱 年度报告（具体格式见附 3），内容包括但不限于反洗钱工作整&nbsp; 体情况及机构概况、法定义务履行情况、反洗钱工作配合与成效 以及其他工作情况、问题及建议。</p>\r\n\r\n<p><strong>第五章 客户身份资料与交易记录保存 </strong></p>\r\n\r\n<p>第三十一条 会员单位应当妥善保存客户身份资料和交易记 录，保存方式和保存期限按照国家有关规定执行。 客户身份资料包括但不限于个人客户的身份证件复印件或 影印件、机构客户的开户资格证明文件复印件或影印件、代理人 的身份证件复印件或影印件、授权书原件、账户开立内部审核记 录、客户信息核实和更正记录等。 交易记录包括但不限于关于每笔交易的数据信息、业务凭 证、账簿以及有关规定要求的反映交易真实情况的合同、业务凭 证、单据、业务函件和其他资料。</p>\r\n\r\n<p>第三十二条 会员单位应当按照有关法律法规的规定，保存 反洗钱工作档案、可疑交易报告等资料，保存方式和保存期限按 照相关规定执行。 保管期届满，凡涉及涉嫌洗钱未查清的有关资料，包括客户 身份资料和交易记录、可疑交易报告等，应单独保管到事项完结 为止。</p>\r\n\r\n<p>第三十三条 会员单位及其工作人员对依法履行反洗钱和反 恐怖融资义务获得的客户身份资料、交易信息及其他工作信息予 以保密，除法律法规另有规定外，不得向任何单位和个人提供。</p>\r\n\r\n<p><strong>第六章 反洗钱培训与宣传</strong></p>\r\n\r\n<p>第三十四条 会员单位应积极参加上海黄金交易所组织的反 洗钱培训。</p>\r\n\r\n<p>第三十五条 会员单位应对工作人员进行反洗钱培训，增强 反洗钱工作能力。反洗钱培训内容包括： （一）有关法律法规； （二）内部控制制度、操作规程和控制措施； （三）相关专业知识和技能。</p>\r\n\r\n<p>第三十六条 会员单位有义务将与交易所业务相关的反洗钱 和反恐怖融资法律法规及交易所规定和公告信息告知客户，并应 加强对客户履行反洗钱和反恐怖融资责任和义务的管理与指导， 以确保反洗钱和反恐怖融资相关工作落到实处。</p>\r\n\r\n<p>第三十七条 会员单位应当加强对客户及潜在客户的反洗钱 宣传，提高客户对反洗钱工作的认识。</p>\r\n\r\n<p>第三十八条 会员单位可以自主或与国家有关部门、上海黄 金交易所共同对社会进行反洗钱宣传，提高公众的反洗钱意识。</p>\r\n\r\n<p><strong>第七章 检查与监督 </strong></p>\r\n\r\n<p>第三十九条 会员单位应将反洗钱工作开展情况纳入本公司 的稽核审计、检查或评估范围。 反洗钱稽核审计、检查或评估内容应当重点关注以下方面： (一)反洗钱组织机构设置、反洗钱岗位人员配备及履行职责 情况； (二)反洗钱内控制度建立及执行情况； (三)客户身份识别和尽职调查情况；&nbsp; (四)大额交易报告和可疑交易报告情况； (五)客户身份资料和交易记录保存情况； (六)反洗钱业务培训和宣传情况； (七)配合司法机关、行政机关打击洗钱活动及涉嫌洗钱犯罪 信息移送情况； (八)其它相关工作内容。</p>\r\n\r\n<p>第四十条 会员单位应当依法协助、配合司法机关和行政执 法机关打击洗钱活动。发现业内涉嫌洗钱活动线索，应当依法向 反洗钱行政主管部门、侦查机关举报。 会员单位应当积极配合中国人民银行及其分支机构依法进 行反洗钱执法检查以及调查，不得拒绝、阻碍反洗钱检查及调查， 不得谎报、隐匿、销毁相关证据材料。</p>\r\n\r\n<p>第四十一条 会员单位应制定考核奖惩机制，对积极、主动 开展反洗钱工作的部门（含分支机构）及个人给予适当的奖励； 对违反中国人民银行、上海黄金交易所及本单位反洗钱有关规定 的行为进行处理，对协助洗钱的人员从严处分。涉嫌犯罪的，应 移交司法机关依法处理。 会员单位应将本公司有关贵金属反洗钱监管处罚情况、违规 情况及处理结果报告上海黄金交易所。</p>\r\n\r\n<p>第四十二条 上海黄金交易所依据监管要求和相关管理规定 对会员单位的贵金属反洗钱工作开展定期和不定期的检查。</p>\r\n\r\n<p>第四十三条 会员单位及其分支机构在接受反洗钱检查时， 有义务按照要求真实、完整、及时、准确地提供所需要的资料和 有效协助。对于拒不配合检查工作或者提供虚假情况造成检查结 果严重失实的，将依据会员管理相关规定进行问责。对于检查中&nbsp; 发现的问题，被查单位应当采取有效措施及时整改。</p>\r\n\r\n<p>第四十四条 上海黄金交易所以现场和非现场的方式对会员 单位的反洗钱工作进行考核，考核结果纳入年度会员评优。根据 考核结果，上海黄金交易所可采取如下奖励或处罚措施： （一）评选反洗钱工作先进单位、先进个人并予以表彰； （二）对考核结果为优秀的考核单位减少检查次数； （三）对反洗钱工作存在问题的会员单位，及时发出督导意 见，对存在的主要问题进行风险提示，要求其采取相应的规范措 施； （四）对考核等级较低的会员单位，将其作为检查的重点对 象； （五）对考核不合格的会员单位，约见其负责人谈话，要求 其限期整改，并提交整改报告。</p>\r\n\r\n<p>第四十五条 为鼓励会员单位积极、主动开展反洗钱工作， 上海黄金交易所对下列情况的单位及个人给予适当的表彰和奖 励措施： （一）因反洗钱工作成绩优秀，受到人民银行分支机构、司 法机关表扬、表彰的； （二）主动报告在日常工作中发现的洗钱线索，被监管部门、 司法机关核定为有价值并立案调查的； （三）积极开展反洗钱调查研究，研究成果被公开刊物发表 或有关部门开发的； （四）向上海黄金交易所提出工作创新建议并被采纳的； （五）其它反洗钱工作做出突出贡献的情况。 第</p>\r\n\r\n<p>四十六条 会员单位及其客户违反监管机构和上海黄金交&nbsp; 易所反洗钱、反恐怖融资管理规定的，上海黄金交易所可根据严 重程度，采取责令改正、谈话、责令参加培训、口头警告、通报 批评、限制开新仓、限制持仓额度、暂停交易、限制实物交割、 限制发票开具、暂停自营或代理业务、取消会员资格等处罚中的 一项或多项措施。</p>\r\n\r\n<p>第四十七条 上海黄金交易所按照法律法规规定，配合反洗 钱主管机关依法做出的反洗钱处理决定，积极协助有权机关开展 执法工作。</p>\r\n\r\n<p><strong>第八章 附则 </strong></p>\r\n\r\n<p>第四十八条 本办法以中文书写，任何其他语种和中文版本 之间产生歧义的，以最近的中文文本为准。会员与交易所签署的 业务相关文件、协议、合同等一应法律文书均以中文文本为准。</p>\r\n\r\n<p>第四十九条 有关定义。 本办法所称的反洗钱规定，是指国家法律法规、部门规章中 涉及贵金属交易场所的反洗钱规定及监督要求。 本办法所称会员单位是指按照上海黄金交易所会员管理相 关规定，经交易所审核批准后直接接入交易所交易的交易商。</p>\r\n\r\n<p>第五十条 如本办法与反洗钱法律法规以及中国人民银行的 相关规定不一致的，应当依照反洗钱法律法规以及中国人民银行 的相关规定来执行。</p>\r\n\r\n<p>第五十一条 本办法解释权属于上海黄金交易所。</p>\r\n\r\n<p>第五十二条 本办法自发布之日起生效。&nbsp;</p>\r\n\r\n<p>附：1.上海黄金交易所反洗钱与反恐怖融资尽职调查信息表 与承诺 2.上海黄金交易所会员反洗钱合规指定联络人表 3.可疑交易报告参考模板 4.反洗钱年度工作报告参考模板</p>','2019-10-17 22:15:59.051000',5);
/*!40000 ALTER TABLE `tb_rule` ENABLE KEYS */;
UNLOCK TABLES;

--
-- Table structure for table `tb_rule_type`
--

DROP TABLE IF EXISTS `tb_rule_type`;
/*!40101 SET @saved_cs_client     = @@character_set_client */;
/*!50503 SET character_set_client = utf8mb4 */;
CREATE TABLE `tb_rule_type` (
  `id` int(11) NOT NULL AUTO_INCREMENT,
  `rule_type` varchar(20) COLLATE utf8mb4_unicode_ci NOT NULL,
  `created_time` datetime(6) NOT NULL,
  PRIMARY KEY (`id`)
) ENGINE=InnoDB AUTO_INCREMENT=6 DEFAULT CHARSET=utf8mb4 COLLATE=utf8mb4_unicode_ci;
/*!40101 SET character_set_client = @saved_cs_client */;

--
-- Dumping data for table `tb_rule_type`
--

LOCK TABLES `tb_rule_type` WRITE;
/*!40000 ALTER TABLE `tb_rule_type` DISABLE KEYS */;
INSERT INTO `tb_rule_type` VALUES (1,'业务规则','2019-10-17 16:09:15.706000'),(2,'清算与结算','2019-10-17 16:09:34.644000'),(3,'黄金市场政策','2019-10-17 16:09:45.049000'),(4,'交割与定价','2019-10-17 16:09:51.853000'),(5,'反洗钱专栏','2019-10-17 16:10:00.153000');
/*!40000 ALTER TABLE `tb_rule_type` ENABLE KEYS */;
UNLOCK TABLES;
/*!40103 SET TIME_ZONE=@OLD_TIME_ZONE */;

/*!40101 SET SQL_MODE=@OLD_SQL_MODE */;
/*!40014 SET FOREIGN_KEY_CHECKS=@OLD_FOREIGN_KEY_CHECKS */;
/*!40014 SET UNIQUE_CHECKS=@OLD_UNIQUE_CHECKS */;
/*!40101 SET CHARACTER_SET_CLIENT=@OLD_CHARACTER_SET_CLIENT */;
/*!40101 SET CHARACTER_SET_RESULTS=@OLD_CHARACTER_SET_RESULTS */;
/*!40101 SET COLLATION_CONNECTION=@OLD_COLLATION_CONNECTION */;
/*!40111 SET SQL_NOTES=@OLD_SQL_NOTES */;

-- Dump completed on 2019-10-26 14:23:01
